colName_FirstName|colName_GEN|colName_MARITALSTATUS|colName_EA|colName_COUNTRY|colName_USPHN
farnandez|Female|Widowed|OZ_@kI.Z.p.E.jEcp|Джибути|(443) 341-8263 
floe|F|Surviving Civil Partner|_.4._L5@-5H-8--.9.z.qG|Singapur|978. 230/ 7210
ufuoma|F|Separated|4@--.Oc|Uzbekistan|(329)429 . 0516
munier|F|Surviving Civil Partner|"o.U"@2.j8.KpI|Man, Isla de|386762 .2956EXT1
dearbhla|M|Married|"_N"@BS--87NE7.5-.L.4Z.sO|比利時|057.8983289ext7
gentian|F|Married|"_3SJ"@-0-H.-u-.-0p.W.Rw|Philippines|047  435-9766 X4
gabrielsson|Male|Married|__.xcvDwd.gH.s9f8@G3mi.K---.1-4u.-.AsT|Гонконг|024797 3983X 2
delia|M|Surviving Civil Partner|_Y.C85uK_H_.Zd4g2V.___5.kN@[3.8.922.1]|Suède|088443.3436Ext97
wincents|M|Single|_Z.5vr.2_@8dcHp-8-y.-0.X8P.f5P-a-48M-E4-.wEMZWP|Südossetien|107 - 4655743X42
zenovia|Female|Married|9_6P@z.2A5Q2X.My.-L--e.rP|Frankreich|1.(675) 458.6880
marel|Male|Married|7.B._3_.kA@--QB-97-M-.4H----.---.21.zl|Islas Caimán|+1 /(329)4016179
harriet|M|Married|8GH@8-1T7.rS|辛巴威|080695  1102
salmane|F|Divorced|"nwh5_.v_.9_"@[31.450.5.1]|蒙特內哥羅|+1(419)-314 2443
dreama|F|Widowed|ra.5_._N.1@G0.ZO2A.t2.-ub3QO.OAj|Sudan|(999)3541859
henads|Female|Separated|v@[288.4.674.074]|Serbia|(719)546-4272 x4
ngeh|Male|Civil Partner|y.__@Wz-dFRjB.Dz|Bahrain|(887)640-9915 X2
haji|M|Civil Partner|u@[9.267.9.761]|澳大利亚|312359.1849x0
maryury|F|Civil Partner|9.4.5@w--R7QW.0b-4.d-WT--4-HLexnP5.5--.lxLyu|Égypte|(142)/7193653X 8
really|Male|Civil Partner|_.z2_.p@R.716-0.e-6--00o.j2.qD|Trinité-et-Tobago|193  9184854
mindia|Female|Divorced|_7_MUA_@-dY.-5-.4.--OOJ55Pju-.WRA|Киргизия|122. 079 8063
sarama|Female|Surviving Civil Partner|5pgLQ1_7.T_@-QpL-.j9o.HFC|États-Unis|681 344 .1043x 5
michelina|Male|Single|N@N1--.D---9-ODl.33-s2a-.-HO.cW|Congo|021. 269- 1194X5
rosaura|Female|Civil Partner|9M.S@[2.0.6.1]|荷蘭|1(954) -986 3088
bassingbourne|Female|Single|_L.3_@p-v8-.Us.3--NC.27.tD|Самоа|242291 2281 
reinprecht|Male|Divorced|_@--144-o.9.-9-LE-P8t.Xpg|乍得|121 .519. 9069
zhuangfei|Female|Divorced|"G"@L-h-Sr--CD-Ps4--.fP50e-0.Pv.vv|Lao|072-281.6104eXt5
hugon|F|Civil Partner|__1g6.1.25.2@K-S.-0.Q--E.c.eykCvk|Anguilla|1 -5829908527 X9
warfolomejewitsch|Female|Divorced|5nJi_.1FLdE6_h.Rj.QC7.797_@O-.c-3TD-2bk-G.O854SW-dn4.8.sNz|Bangladesh|1 217/496 . 3170
nanci|Male|Separated|x9ua_._C_.f_a_@Isb5a-s.p5TISGt21k.-.T.yP|Сен-Мартен|(415). 610 .2908
aitane|Female|Surviving Civil Partner|"W2_._"@--3U-4c5-.Yi|Финляндия|233- 639/2781
opole|F|Divorced|75bk@6yN5N.GhXvn8YL6dV--C23.1-6n--3.tr2Q-9.Zh|Latvia|+1 -(313)8896091
ancuta|F|Widowed|08_.____@lpX79.-P-wyd-V.--5AzKtSn.BE|几内亚比绍|(150)3943213x. 2
edelgard|M|Separated|"yo.BFG__7"@z2w.-.l.-.PUb|Yémen|402 -910 - 3211
maclehose|Male|Divorced|6Q63Iy.6@9n6.LD|Caimán|253 -377 7141X.2
anthelme|Male|Divorced|"_8.g6_1.9vIY_"@de--gJs--.2----.-.-.iMECGX|Зимбабве|(179)8925914EXT4
abdelrahim|M|Widowed|_3hb@1.--6T0M-2.j3Wf.4-La.fc|法屬玻里尼西亞|086/888 0977
milap|Male|Married|W.W.y4R@-R9zZ.Ckska|帛琉|1.720  2885476x0
aram|M|Single|l1_.N._6._s9H1@wS.TsibE.-x7I.-.uEk|印尼|(665)242  6542x6
brigida|Female|Widowed|tl5a_.8@y.-v-Fq.TF76-8.0A-Q-R3.UUzQ|République démocratique du Congo|270616.0257x 152
tesni|Male|Single|"_b.7o_5._"@8--OVi.MXyh|Republik Kongo|(997)-951 4817
charudatta|Female|Separated|73.k@[4.849.231.3]|安哥拉|1 (920). 6572429
rafaella|M|Widowed|6._5Z@[93.3.76.88]|São Tomé e Príncipe|+1-(846)/8897214
thiruvanchoor|F|Separated|sh@[39.8.5.993]|Pologne|+1 .(570)8293999
wanyan|Female|Separated|yw@[54.69.315.4]|Saint Vincent and the Grenadines|055/ 381 9686
wasa|Male|Widowed|XV__16W3@6-MU-8-H061-sUXM.v.M.P.eAVFpA|Tschad|1 (408). 4901811
hunter|F|Married|0Kk4O_M@fY-B-P.3-zX.23.8sD04oS.IP|Greece|(746)086. 3422x0
yankı|Male|Widowed|"xY3"@b9J.S2E1s.0Q76D-qA9--P-y2-.Lxl|Japon|+1-3431220941
cayetana|Male|Widowed|Uz@-65U9H.M.TD-c5x-pb.-t15X8-.vt|CAR|1 (479)  9807293
jinfu|Male|Surviving Civil Partner|c_@q.v0548F.Qt|Kazakhstan|+1 -(908)9945790
nagib|F|Surviving Civil Partner|B_1@um.-n6ZhT.-3-3C-vGe.Gd|Marshall|061 /136- 0195X6
balbanera|M|Surviving Civil Partner|ip8@[8.168.49.42]|Druk Yul|(214)899/ 0620
nesli|F|Civil Partner|0Wl7V_@9p.-Ju.-t.-USKy.FcxDH|South Sudan|316.8363493EXT 1
geraldin|F|Widowed|y.3.__.K.cDIV6_@[7.5.4.9]|Ägypten|+1120 . 627/7435
harold|F|Surviving Civil Partner|_kT.720@-.-2lB6WqU8.eCK|United Arab Emirates|+1(469).318/3269
volmar|M|Divorced|K_1i._koLu.__@[630.3.42.063]|Jamaica|238  0177317 
guoliang|Female|Divorced|9C_s_A@-C-e--0wK-6uC1J2.J.H.Q2R--a-FA37Tt.JR|Polonia|(610)-229-5397X9
mengesha|M|Divorced|i_4_1.tX4Q4L0@[72.150.725.809]|Остров Мэн|+15057401433eXt8
nikole|Male|Surviving Civil Partner|_2vnQ@[0.813.169.886]|Korea, Süd|753. 590  2047
uke|Male|Widowed|"Nh_.7"@tD.G--5W.-3a1.0.ylLl|Micronesia|808 . 2923797X 8
uhl|Female|Divorced|_8f@04-.10FW-P.y6-t.z-8-ATA-W2x.Un|Espagne|065/ 6215950 X.7
azan|M|Civil Partner|1Oe553Zu.i_6.aCg@5d.Ha|Antigua and Barbuda|196061 3239X. 70
ladisla|Female|Civil Partner|"6_"@-3-w-cO.eB|Libéria|5280991076
arliss|F|Widowed|_p7_@j-8-.vW2siqm79G7-.z-G.YRJaB|Kuba|+1-(600) 5316784
takashi|F|Married|__@[498.671.0.2]|Japan|(958)  353 .9227
kitione|F|Divorced|"_"@---pqZ58.R.3Sl-C3CSDd3Uo6.ov0--.mvZ|Syrie|+1290  951 .0420
andoni|F|Separated|_pj.z_@-VXSe.mne-.Rwc|Reino de Suecia|657  8456399eXt5
penwick|F|Married|bn4E_D.R@-V9.--.--6.-py.Mra|Мьянма|7387591737 
shea|F|Divorced|"A1nX2"@a.-aRD.-ucdLHE.7-uH.bD|Cook Islands|1 845 183.5557
margart|F|Single|45C@-YU.j-Qu.g-4.t.YcX|Polen|320/ 064-7378
yoshie|Male|Civil Partner|w_d.y_@-J.2.6A.N.vzhyin|保加利亚|(557)  2698971X4
asraruddin|M|Single|2___8.qo6@--.1x2Zn.G25ri.o-0kktflu.QvQJid|Gaza Strip|(156) 593  2955 
nazim|Female|Single|q@[5.1.0.1]|Suisse|1.768/178/ 8705 
fingaz|Male|Divorced|"IZvL7.3z"@[55.14.188.9]|叙利亚|952277 - 6612x 1
lucyna|M|Widowed|n@-xDqw--.0-e-.18k-z-1--u.qp.Hc|Indonesien|1 (130)-124-2800
yuderka|Female|Civil Partner|_8@-Ex5s.-0PA-.Ay|皮特凯恩群岛|076  449 / 1543
mordy|M|Separated|C.Zrsh@B.-.--f5dJ.--B8SV.pspfUq|Timor-Oriental|368  758.3844
riperata|M|Separated|_l_S_oq.o16A@962.K1-7o.S-6-W-c.-R-SRc18-.Yr|Mexiko|340- 6463910
lauge|F|Surviving Civil Partner|"DkB__l_V"@4-kplsEhr-LDq-.-9t8.-.97.En|Шри-Ланка|1(390)  313 6236
jelissejewitsch|F|Married|9.sp.f_.0TW.n__x_H__@388Xl6.17-J38.3.8----j6H-e.YYt|Mikronesien|0554836505
melker|F|Divorced|V_@--v.w6c9.5.2.wvV|Австрия|(907) 810-7130x0
heorhiy|F|Single|"4c.6ce9"@QO-0s-Wlt.Q7rG7-Ug.51ZQ.A.dQv|Île Maurice|1 548. 427/ 1556
jilali|M|Surviving Civil Partner|_jTA@-a.1v.-m7J0A.--Fo6-1x4--8hwG8.WIRY|Малайзия|(094)  5515914
praudha|F|Married|_29ou8S8@-.l-3N.zYG-1ZM-6-.Ry|les Tuvalu|392 /523 - 1205
wawan|M|Married|d@bE.-.dJxX|Белоруссия|043- 2702607
goichi|F|Divorced|3_@[1.3.7.7]|Danemark|1(007). 948.6786
bente|Male|Separated|4A3@K1.--.J59-X-2.--O3-d.JL|Venezuela|973 822 6637x022
saanvi|Female|Civil Partner|_9_.S2.2@62SG5j-fQL3C.2.y.M-U.yfSjQY|Mazedonien|(344). 5065614
shivgopal|Female|Widowed|N.SHWyr6_L.h__5V@-W-1vXwd.-h-P4y.M4-.-z--9y--7P6H---.uG|Мавритания|369 070/ 2382
emelita|M|Surviving Civil Partner|u2049@w-4IzPb9XQ.Sm|Tayikistán|920  159/7776X.1
fumitada|Male|Widowed|i__Eu1M4.S0@5.2-vq.eq.-.KF|萨摩亚|085220- 2756 
jozsefne|M|Married|"g_.7.c_.J_"@[2.61.3.596]|Синт-Эстатиус|+1180/ 8233799
yerkes|M|Separated|H@4-3YQ.k-.cW-EX.5.uY|Гвинея|+1(879)551.5563
janneman|Male|Divorced|2@--IL.d0ka----pBLr.--0uDjW.tN|Бенин|1-(533)162 7587
myrtis|Male|Single|0n_d@2.-a6.f---dG6gL.35W.Ax|多米尼加|(061)4598695x7
jim|M|Divorced|7.aIcU@4.N.XQ|Inde|+1 .(164)8698581
stanel|Male|Single|_0.YDK__@-p-.-98zptx04K8D5-IS.b--6K.-3OHm.svZ|Сирия|+1(921)- 5488710
nelva|M|Married|4_E_s.9._1EA@z.--pBp.l.2-Jkb2--r9.qB|文莱|230/855 4428 
ezequiel|M|Civil Partner|Ed23@Q-wP28--58gz.5K.R2Q.545W30g-.Xj|Nouvelle-Zélande|1(301)/945/ 2132
canaris|Female|Single|3_P2@-.E-r6F.eLC|美國|+1183281.1271 x2
necmettin|Female|Surviving Civil Partner|"_"@CT9T0.-.32C.9-58.RTtjkz|Ukraine |081/ 3496270X.96
cadiz|Male|Divorced|__@i-.1s-o---QFFz.-0-H8.K.PvgBha|Алжир|+1.(088) 5703821
yuanlang|Male|Divorced|_6._@-0.SJE.3-3Hc.6-B-I-Ish5.vdmxym|Senegal|+1566.256. 2945
strobe|M|Civil Partner|"_j4"@5.3xeG-.e-M.N-gY1-fF--I.Et|Экваториальная Гвинея|(178)  0870753
hostus|Female|Married|Y0D1B5d@j7-.S-.q-7gz.--AA.qYyPRc|Пуэрто-Рико|+1236214 .3685x0
gilly|Female|Surviving Civil Partner|"_b6YP_0s.S"@[9.797.57.616]|French Polynesia|045 /284 4863x8
kimber|Female|Separated|X_1_128f@-2V.C.Y1--OK-.2v-xI--UfB-44-fX.uG|多米尼加|067 .3640619EXT4
andréa|Female|Separated|"U_vB._yF_2._L_.uvG"@u.6CH7X1C.i.k09--.nDSyWu|Ouganda|(300)6729600exT0
kanary|Male|Surviving Civil Partner|"_"@[048.350.29.7]|玻利维亚|227 .053 / 0533 
sue|Male|Divorced|_.41@-.v--dw.y-J--.4y-mJ.Jz|Congo-Brazzaville|054.470- 7093X.9
khunkar|Male|Separated|R_.L.hp5V_u@iwnOH.GC|République tchèque|090  3092336 
lizandra|M|Single|EYt68._._L_@wK5.cc|Australien|409-279-8433
euzhan|F|Widowed|"25BUT.s_"@--G37.b7.-.3.AKN|哥伦比亚|+1/(730) 8975201
mayann|M|Widowed|K_V_N@2k.b174.S6iQ1-.R.bR|Spain|109/024  9633 
zornitsa|M|Single|_.3rH@7-5-2r64.----ozgo06THsw.m-.a-.Gy|Ангола|(334)/452  7451
kornelia|Male|Surviving Civil Partner|qu.kdG._F5_@m.8-C.5RM.86E-8.MX|Timor-Leste|1-(719)479  8582
anelis|Male|Separated|36q._@8h.--.-.KQ0.ANoRcq|乌拉圭|793/ 078/5914X.7
sahida|F|Widowed|8A_VW@ZC22--.933.2sG--lk0-y-.J-v.Ohbje|Ямайка|(113)/9063663x.8
dušan|M|Separated|4.E@3G4.-oj-D.-Sr1.8V-.TU|Rumänien|+1395 -9923660x2
suhasi|M|Divorced|W4@uELll-WX.-fM1bA--z8QZ6q.d---.t5-3.RgT|Lesoto|395 . 1059650
graves|Female|Divorced|_@m9.3t4-q-.bn|Austria|+1(109)  7705580
bhupen|Female|Single|L5U_K._oeHM@m8--J-5-23U0czZ.9.7.-B6th-AmC--qtt.APA|Korea|056  730.5020 
joellyn|M|Surviving Civil Partner|_eJi@d.dY22-.-.8.ac|Tadschikistan|8539638452 eXT2
anacleto|F|Married|_30.___go8_.q5_.G_6@[580.0.442.04]|Иран|+1 175.321 /7949
upamanyu|M|Civil Partner|_.1x.6@-.mR4.BS|Mosambik|+1797  585 6976
marilee|Male|Surviving Civil Partner|_U5.V_9.E@[885.731.14.1]|Таиланд|053/ 3249693 
justinien|Female|Separated|_5e.W8@[47.5.2.836]|阿联酋|472840. 5620x.82
hineira|Female|Married|_.1BG3.G5X__OV.4L.2___4L@5D-.-Z-.z----6--Tb.-a.PZEO|Лаос|(831) 974  8252 
zulay|F|Separated|_.B@[9.1.3.03]|Corea del Sur|+1884/ 005  6116
eda|Male|Divorced|"UJ_5_"@c.vtM.vk|Érythrée|1214 879-1381x4
loana|F|Separated|2D_PaCL@9ZB02.X2-g.c.o.YL|Dominica|(755)  607/6233 
katarzyna|Male|Surviving Civil Partner|"_0"@vV22rQ5EkTJj0L.i-.h-N3.6.Qpp|Эритрея|068/018. 6334X 6
airan|Male|Single|_hB@[37.86.045.000]|Estonie|761.879/1057ExT5
hillery|Male|Surviving Civil Partner|75.mLng_.5@vO-.kC.v-My-L4a.-2.lDkxxX|比利時|+1 .976. 4381021
sabas|Male|Single|3_@n-1mT1.ru.5-de8.cE33-BJ661.aA|美屬維爾京群島|(155) 732  3433
bagnell|F|Single|8308S@-d-3.177O-tn.-7.5Gta.HuhK|Mónaco|(578)412- 3233
parthi|Female|Divorced|"1_bL_9.k_.uhq_z.I"@dg.-03HB2-n---uo5.7-.B-.LyWj|加拿大|+1(242)305-0009
marvella|F|Married|"_.___a._2"@[444.38.4.4]|Jordanie|+1 754391.0200X8
lode|Female|Widowed|"_94.x"@f5-og-9-0.2T-RA-v.3-8nzfSf8-pdiGh-.2S.VNbGt|Polen|(943)7974754x.68
lamiita|F|Separated|431tP_.o_9._r.PO@[2.62.438.17]|Ямайка|(590). 445 -5858
perkins|Male|Single|"l._.Be0_F_0Z"@j0jZ-Y4.v--.-9JZmXqZ.-92ZhlsMVfB.lLhU|Израиль|(341) 388.2541
maybelis|M|Single|"_ar"@v1z8284.-v07.F-.3-.dEN|Мозамбик|005-290/2962
ademir|Male|Civil Partner|He_.5_u@db.-R.-Zi07aZpXB--1.j.CSa|Camerún|(254)1423653
chunlu|M|Separated|g6_@X--ZQ.f12kfU-0.3--VfS-g1--.BD|Chile|1(110)429. 3227 
ehtisham|Male|Civil Partner|_2g@r-.Ac.-rg-.c-1Mrz--g2OpA2-.cNc|Arabie saoudite|591067/9482x. 0
vaibhav|Male|Separated|G0@N.vK|Эквадор|973728  4831 
romeo|M|Married|"6_.U"@[30.2.2.944]|克罗地亚|082/ 894/ 8174
zhihao|Female|Widowed|W_@-J--1w5f.J.9w-bRan.R-Bq-.NPIbmI|Turkmenistan|(656) 2140962X46
limei|Female|Separated|"Y"@-KQ05-3rr.4.-6-.s--.NsCAIC|伯利兹|(634)/ 3273731x6
zanobi|M|Married|81_3.nU.n.V9._@--Ds8-.-.-bz-z-1.1.wFc|朝鲜|1/111  909  9419
bimyō|Male|Separated|b_7i1.65.l2FL._.H_@-k.bLP|Лесото|(216)-313 8050
zalak|Female|Surviving Civil Partner|kj._6@D.9Zbn.nn.SZc-91-rTU.UKEbKr|Monaco|(944)  285- 4184
barstow|F|Surviving Civil Partner|9n_076L_@r9-V-W.wS5l-I6c-f.f-6.-C.TTZP|Haiti|(541)141  6965 
senkichi|F|Married|__UE1D1.j0.2h_.90_.V_E@vGLhi-n.---N90bXpe.Ga-9.n6JQ4-X.jnQEsM|Comoros|1(406)587 9465X8
wakeley|Female|Divorced|o@[0.5.6.593]|Сан-Марино|+1(525)794-2246
hesham|Female|Divorced|"x0bD.Y3G"@D-.wD|Argentine|1/(390)/299 6228
vandahurst|M|Separated|"K1.I.4_0X.o"@-3V.61.4.-.AXFdY|刚果|926 . 653 . 8162
castor|M|Divorced|_w8____@Lw-2B7hR-2-U.e.3B-l1Fk48-w-dYYn.M.Mxe|Corée|(907)- 0791718X4
houssein|F|Widowed|"44.o.EZ_Z_"@-bpM8.-d-4-.R1.B-8j--.BoZfLB|Tonga|(831) 222  4197
sonti|F|Married|05_@0-.-.--.599.dBh|南蘇丹|+1 -810. 5683197
abdelkbir|Male|Civil Partner|"1_.___1"@L.s.t-E-Yo4.-6HJc.vtXXDq|Anguilla|008 2777924
judkins|Male|Civil Partner|Tq4g._.w.9RsS__tC.pA__7OkQ@[9.1.16.3]|Thailand|(958)/ 1834606
mcgoldrick|Male|Married|_.7@c--f2.06gd-s-.-.P.FAW|阿塞拜疆|+13496402277
dazzer|Female|Surviving Civil Partner|"_uX3k"@F.-I5.P--wP.U-bL-aR.SZUZx|Lithuania|+1523.292  1634
brayden|Female|Civil Partner|"_i__vWr4"@O.3.8w.DG.GDQV|Pologne|1-(738)4646495X0
alicio|M|Widowed|_.7Ux6@3-V84-.63BI9.Z-J-90-YH9-r-72o.wz|Dominique|(728)  4367382
luchino|Female|Separated|Z._e@-P4-Bh-75.-Ld.l-.0-3i1.qE|Centrafrique|730. 572  6575x5
jocelino|Female|Divorced|_0_l9_@9-O-EbP-n.Q--48-fJo3ad.zL|安地卡及巴布達|890780/ 1234
alphin|Female|Single|_.6o_.58.39_pK47._4Y7Z@G-.1B8.f-1mIaQj5WYZkTYB.6e5.Sr|Groenlandia|647827-7075eXt20
marsel|M|Divorced|"EEo8.5"@[81.451.210.539]|Эстония|+1 (109) 5748522
usamah|M|Divorced|iccE3.2rS@o6Q92tMd1.87oqr-A6esi.13Gz.-Hk-78w4-.Coypk|Nueva Rusia|1(337).822  3940
abdoulaide|F|Divorced|accR6M.k_.Mpi@syg8P.x-.af|基里巴斯|347  156. 6620 
thabiso|Female|Civil Partner|"fq_T_1._o.L9C"@[3.23.21.669]|新喀里多尼亞|(819) .554. 2948
lorez|F|Single|"xE9v"@-C7.-1F20.qK|葉門|(470)  578 .7636
elizbar|M|Separated|W_.ljx2d.z_3h@-MFf-P53aM.4--w-5aP.6.wB|Vereinigtes Königreich|063786.5002exT.5
jeronima|F|Civil Partner|7@--N-.Ut.5.-iDOfb.sl|Bélize|(871)/ 1757748
milgrom|M|Married|_1.W@8-jrc-330Fa5Q-0-.KS|摩納哥|786538/1538eXT45
wonder|M|Single|_3@[66.6.2.590]|St. Lucia|754781.2685X. 84
mattia|F|Divorced|Pknz@-.-XN-0VV9-O-61I-.xt|爱沙尼亚|+1(759)-8917825
leopard|Male|Civil Partner|8_93_M@--Ipj-cp-U.W0.-x-.M-1u-XE0-O-0Wj.gI|Sambia|+1-393 7144078
jarrhan|Male|Separated|I9q_n7_0@[1.103.89.469]|Bután|(172)502- 9725 
trusten|F|Widowed|"1jq5_C._d"@[1.9.955.8]|辛巴威|(316)8470339 
tolia|Male|Divorced|R.my_4cq.6.rG_4AED@-1yNsf.P.Vjp|Tunisie|1(142)/975 6016 
milaisis|M|Divorced|_I_J733@C.L2y6X.W3ylT.5JgL7Zm.uIyve|Dominican Republic|(794) 576- 5207
lottie|Female|Divorced|_3.f.ig_Q68@Jix.T-FiPyG-U.-dv1g.n7a-.qcFFkG|Brunéi Darussalam|(147)7477835X537
esapekka|Female|Surviving Civil Partner|xf._.Y_n@39--.-.e.ZU8-4.leprM|Irland|+1(445)  4354139
elisebeht|F|Civil Partner|"8NO.2A"@---h0--L4WlNV6f6.8u.7V.-cyEhe2-E--eL4.FMGXd|Saint Lucia|(993)702 4096x.6
thompson|F|Civil Partner|__k_AfH.P@U.Wz4--w.E-Tf.l6a-88W.Aw|Estados Unidos|050/ 595- 5847 
ragon|F|Single|__T_M_rC@3-L8-46-Mle.SD.9o1.Y8.NRB|西撒哈拉|047079- 5834exT2
bagby|F|Separated|_._.3._.B22Y4ndk@-.F6.5-0pl3ce-Hy-.670.srSm|Feroe|516 393 .0927 x5
jonalyn|M|Widowed|_O.6@-9-ak-7-.-D5N-40-.z3-.Qg|Yemen|607650/ 7555
zuleima|Female|Widowed|_57lm56C.Y@[1.39.030.7]|Sainte-Lucie|+1036 - 3891044
nurin|Male|Married|"_"@X-E47r-B.o-3Q-AZ.bL|新喀里多尼亞|(162)256 .3068x7
presnel|M|Widowed|cg_@U-K.4P2Jd4.l--7X--JU-.-i-U.Opy|Kolumbien|(692). 027/ 7483
jianling|Female|Divorced|Y_.5_.w@-.ER.c.k-.QEOA|安道尔|493 8985042 x341
vouria|Male|Surviving Civil Partner|O_b1@S-1-GR.-9A7-6---.-7--k-p-wv-70.-L1-SE3x-.BQ|Латвия|439-302  8142
tales|Male|Civil Partner|_Tuu@4-3J4F-kF-4.-0-vj.BV|阿尔及利亚|(763). 357-2243
neidy|M|Single|"vq__.ZN31C899.5"@51-iYgW.7-t-W1.R7.--U--io-CVm-4-6z.UBI|薩爾瓦多|702 - 494 8970
takudzwa|F|Married|45@BEkI4.u-2-eRGh-m-1g-.-ACF.5-2qU.cV|Volksrepublik China|369.640/ 1920x.5
awang|F|Civil Partner|8._Yh@2U.Wm|Chili|018727/7415Ext.3
friday|Female|Surviving Civil Partner|"0"@8.S.zmZ--2b-.491o78VWA2RTp-B1.ID|Острова Питкэрн|(668)-0853605X66
lingam|M|Married|NH._@-V.AgDG2PCM9euyJ.B2.6.otc|China|013 .448- 4753
gursaran|M|Surviving Civil Partner|_GY_C7S6._pF8__._kC_@[548.1.83.39]|Эфиопия|318.214 . 5616x0
vitalijus|Male|Married|"E_.pU.S0S._To.2g__Wv_5"@b632-.56mb-5O9-5xA91q-.0r8n-jqq77qLIdGe.e.GZ|Ямайка|061  9054023eXT2
dilara|M|Surviving Civil Partner|CL_@-.67-.n-.C2IV-Tu-62oIi--.rN|Alemania|+1(606)  4602881
jannich|M|Divorced|_8__l._.9I_@H.R.ZZ.sq|Сьерра-Леоне|(665) / 109.0302
wincenty|Male|Single|0b1@-GNQ--l-.LV.lh5jPTkW-3yqHi-K.bSg|賴索托|089.052. 8473X55
domitilo|Male|Widowed|YM_PKa@W13m17An-VV---.q.0-.a.It|Luxemburgo|1(202).808.5551
virtudes|M|Civil Partner|7U@kq.9z--y.V.52--3--mh65vuM.AAMLQE|Géorgie|083 -4720129
jáchym|Male|Widowed|P_U.s_2Qqa.i__@-.c.-ebC6.-.Wv|Jordania|(512). 393 .8927
verlene|F|Married|7@[51.2.1.960]|Belice|1/673 622- 5854
cojusea|Female|Married|"_H"@5-HR4.-9.E8c.Q-.yM|密克羅尼西亞聯邦|+1 (664) 3909318
keshia|Male|Married|"p6.B"@N.Iz.-.WTz|Grecia|086  9653340X369
guanrong|M|Single|1@qArD7m2i-z-j10r.--A.F-G.2-SB9.TKSwuh|英屬維爾京群島|1 .(484)2586708 
tureiti|Male|Separated|i1c_@G.bnZ.wrm|Виргинские Острова|+1.994-925 .0736
tshegofatso|M|Separated|"78UkU.OeTFR_Z4"@[3.5.0.82]|Финляндия|9850113587
patrizia|M|Divorced|7SE5__4@8Y6cX.-70.1A-.J--8e-e-T4-v--29.WbdH|Доминика|024 2156193 Ext1
crescente|M|Single|"G.D.j_"@L6-u-f-HA.8ARm.--9-Z.Z0.fdHlGD|賽普勒斯|1 .000.194-1321
neždet|Male|Widowed|y_@[320.132.521.801]|Гренландия|(538)/018 1616
moiteiro|F|Married|"_"@q.JV|Turquie|364  099 -5862X3
alger|Male|Surviving Civil Partner|mc6_G48@y1-w.189.Op-i.e00D-g--061Fx-1r.nj|S. Africa|076 0125340EXT 9
maricely|F|Divorced|z_S@-.5.Z.-855y---3.bF|Белиз|+1.(038).3029010
harwinder|Female|Civil Partner|4__@--633jZ3---2Ip-9.8k-YZ.-.----SINUh4reh6.BtB|Боливия|1(283)/6688032
yessengaly|Female|Surviving Civil Partner|c@[746.46.0.8]|皮特凯恩群岛|+1948048  7710X9
mawdo|Female|Separated|"p"@8.2ak.311-yTmSD.9.sVVWdW|Монако|528 .6733187x.46
lyford|Male|Civil Partner|0@-9-e--.76CsEw-195w.d-Y-T10G.b-i.VhBj|Mexique|386- 004  0201
lorriane|Male|Married|7._@g4K.lR--.I.xim|Etiopía|+1(197)897- 3478
retha|Male|Single|9tN_8_YE.K_x@-JN2-Gx-57V9m6ON.g-W-0.GoV|所罗门群岛|+1605/929.1522
slawomir|Female|Married|_34@0.-L---.uH|Россия|929-255.6157Ext6
amplonius|Female|Separated|2.0___@0.Rd-1.A.-.OH|Surinam|(010)-148  0718
sangeen|Female|Civil Partner|_1@X.Gkky--KQA-3Jq.bM.-y.kACHr|Мальдивы|498485 .1298Ext5
miguel|M|Divorced|s@4m5aY-WHj-6-7.-6-j.-F-1F----fH-P-kb.T5Dv5-C4k.doUKWv|Cambodge|1(976) 663 0230 
eue|Female|Civil Partner|O6__.N@h.fFRy7R.s-8I.Jh|安地卡及巴布達|1.(768) 2024841
dicky|Female|Separated|"v9"@ybD5.qm|Irán|+1.(905)-1386994
sandreani|F|Married|k@-UDF-O8.v-9q.A.Z-.Gr|斯里蘭卡|514155.9053EXT18
kushang|Male|Civil Partner|O@-6Z4c.6Vs.ow-.-1w.lD|Senegal|+1531/7774978
kimberley|Male|Surviving Civil Partner|8.80b_@[453.843.28.9]|Mozambique|+1 (740) 8621982
branch|Female|Divorced|H.oo6@-0.JY-T7.DK|Республика Корея|473. 892/6506
shaoqin|Female|Widowed|"9MY.e2ZO7_"@-.v.X.lq2.kq|葡萄牙|(980) 8332755X.5
amiee|Male|Widowed|7@e3U-P-Qs-y--s9.h9R7-.-Mg3.0OTtJ9.Hr|新喀里多尼亞|+1.(432)948 0317
westwood|Female|Separated|_.3._w5_.BD@[0.23.271.0]|圣马力诺|1 -773/5393516
bardanes|F|Surviving Civil Partner|"sc.V7__"@--Y.Xd|Frankreich|027190.5869
yordanov|F|Civil Partner|2__Y21.aN4@-b3.50I9.5-t--EQ3u6E-PA.ed-JlW1.hrsbiI|Сирия|+1.(661)629.3189
greye|Female|Married|"_.a.MM.H.__24Bp_w"@X-C---P.WM|Gabon|(788)/511 -3573
gbemiga|Male|Divorced|_X._t.3y_.T.D_37@-A58.qk98----.9.-.pUY|Iran|096 644- 8154
urias|F|Surviving Civil Partner|"_WU"@F.-1-7Ef-VmhV-OFe8.cu5-k-gFW.B6.jAZ|Brasilien|092  4493034eXT3
betulio|M|Separated|INk@[2.99.8.7]|危地马拉|058  6196073
lynsey|Male|Divorced|"__Ob._y.B_.rQ"@-.M.W-M-xX0sp--i9yFK.-3-DK63i1WQPqs.VHS|Пуэрто-Рико|1 546- 562.2890 
dulzura|F|Separated|8h@k1UGH-84-.QSqjf.yl17.61Ov4.kkLmA|澳大利亚|1(731).362 /3668
yetnebersh|F|Surviving Civil Partner|_E_JMT.o.d@--.y9L69-m1oe8.eG0o.-.kUyz|Philippinen|061 -598/ 8635 
ferencz|Male|Married|"NJ"@D.r0oBpCWS.-IH.-k2-c-IY-Ju2e-P8.QSy|Сингапур|+1.830-258  0575
aishat|M|Civil Partner|_.8.WI2AauZ@h70.2---1.K.vUos.NXnF|Кокосовые острова|086 -288/4876
massamba|M|Widowed|"sa43_37"@0g.5B-W-ee.3WYyJ-m-7-6.-tDT14.QmDJ|Египет|013  026  9134
koung|Male|Separated|"8._C.nq"@[9.296.1.5]|匈牙利|+1-(918)877 7350
muhi|M|Married|"63U_oZ_q.0LnG.b_._"@6k-57.r.--7Rb7.73.Oxs|波蘭|801 3971088x05
smaranda|F|Widowed|O@F50278--338.lF|Dänemark|845/ 824 - 0644 
yohani|Male|Divorced|H.ydKn._._O.M1x7kSO_@K91-p-.-s-.1IIb2G4ItY.68k-.nWRRcR|賴索托|501369- 2679eXT2
muqadar|M|Surviving Civil Partner|G6@oY8SwG01XqI.p-qg8.K-1P-.tbi|Vírgenes de los Estados Unidos, Islas|+1/339- 013.9495
servita|F|Civil Partner|3@-r.0.s.-.gOA|越南|1/554. 160-8202 
zombo|Female|Single|TEG_kD_J.1@-.7.k.a-.wrXVxH|Кирибати|+1(140)- 9824822
liston|Male|Separated|2._z.B@r.-.27q0.bi9.WW|Республика Корея|1 (560)-1603027
dariusz|Female|Married|i.V@-3Qb3P.-T.D7qu-.y-C.NOq|Guinea Ecuatorial|1(996)  363 4582
andrade|Male|Single|"7_.N_1.oG99_"@-.qx15SgN-.coP|Islas Feroe|9927706170
dilawar|Male|Single|8i.q__._.UI@---R--6o6.u.20--a4.gg|Hungary|005  7365538EXT8
austine|Male|Civil Partner|9j@s3n1J7c-.y.2Kgs.-p-h75xYFl-.wrLEg|Saint-Pierre-et-Miquelon|(426) 680 / 7548
inal|Female|Separated|"n_4"@x---.S1.1u5-3-c-.B.XICutP|Brunéi Darussalam|269 .625 /3489
gliceria|M|Separated|B9__r@wu6.3DnHOG.mQ|Rusia|577/ 394.6453x98
etgar|M|Separated|1_X_P@gr.9--.0-w.6IravsUUe9.Ye|索馬利蘭|1(774)/648. 7519
kenay|Male|Separated|"J"@[84.07.5.986]|喀麦隆|1 0807535189
noldi|M|Separated|6@z5.gk|朝鲜|(760)428.6835
sears|Female|Single|"PW398L5Z._.7__Q5.7Vq"@-.-AIp.j.k40.Lr|Noruega|+1(955)/231.0879
wlas|Female|Divorced|No7@[94.67.5.781]|Уганда|999838.9247Ext4
karaitiana|Male|Surviving Civil Partner|5.dv@uTsV.7.N-8M7N6.X.wf|Полинезия Французская|+1(455)404/ 8333
oritse|M|Civil Partner|j_@-kDB-MS27.0.-AAjF-yg-Pe-.qe69W24-p-0o58A4.qax|Того|881.720  4363 
coronada|F|Single|s_@5H-.-.DF|Afrique du Sud|624 588 5498 
monshipour|M|Single|B3_545_e@3j-W.ea-I9-7.s5Rijj2---x-39.kF|Кения|(823) 091- 5539
swaminarayan|F|Separated|S_uk@J-.dRy.3T--0.-.sfsD|安哥拉|275281. 8034 
sukeina|Male|Married|"_g.st2b3.J_a.U0Ni5v5N.XDb"@BL2-.yz|Südossetien|+1.(536).9894025
juljana|Male|Married|7V@-32IqkY-Xu78M.0f8.m-.zo|Ungarn|1 .366 382. 9954
litokwa|Male|Widowed|e@7-fbq1m1.---.wh0i.2gI6.wBfOx|Macao|1 (072) 511.5576
reshard|Female|Civil Partner|7.P_._m._.E@bci2HGKGFp9.0vL---6wO-2--g7-.u-Tqs3.DWa|Самоа|753 123. 2855x 2
mowbray|M|Surviving Civil Partner|_.l._a._._30Bq7y_@[9.792.35.20]|帛琉|(078)718-0077x9
conchobhar|F|Widowed|"_"@zgl.v--9S-.--9t2G-.u.FdV|Guinea-Bisáu|048659 7735EXT.6
mikoláš|M|Single|Y7i@Oi.P-z--.A.--Hs.txT|Уоллис и Футуна|1 (811)-657 4611
melani|Female|Married|l@gK.8g.R3-N.jn0.ICx|San Bartolomé|145431.7957X 686
hildegarde|Male|Surviving Civil Partner|9ip_g9@aXb.--d0-2q7-.ig-qe.y7-3g56.yXfl|Trinité-et-Tobago|(538) 027. 4708
tempie|M|Surviving Civil Partner|_sAo@yW-f-85.n-9-8-J18-693-Ii.T-Q---S.-L-.Aa|San Marino|988756-1351ext 4
osiris|F|Civil Partner|Fq.C_@J.g.-Sy.g--.lxly|Bénin|059/246  9029
mitko|F|Civil Partner|85__O0A@---c.-Fvm02K.Eqg|Mongolei|1 /450 -640-3808
sebastianappan|M|Surviving Civil Partner|3mdT0L_._.0q7@K7-B2--.D.hF|Brunéi Darussalam|018 / 789- 5424
chol|F|Single|"2_"@-0j-.7.Jb.-p7.Ow|Кука острова|+1530- 0077464X5
donis|Female|Surviving Civil Partner|"EJ4_.q_.j_.qH.6_"@nUd--5U-TZA6M.Fm.tn|格陵兰|660-960 1158
cleonice|M|Separated|_._.191E8.3@[996.9.142.74]|St. Kitts und Nevis|713/ 4473424 
blues|Male|Civil Partner|_T4.z_6_@-414m.-fMp-.---37a7Pi--2-jOB.Di0U.qcGweb|黎巴嫩|527- 2581549EXT8
udo|M|Surviving Civil Partner|f9@-.--xFWv-.---4Ps.Bj|Micronesia|052 - 876 -9522 
merdith|Male|Married|0@-phdH-W7.nf2V---.c-.D18K.drNOHF|俄羅斯|1 -(458) 9228118
moropant|M|Married|i@74c-N.--f9r23-LN68v5.b.-5-u--1--Q.oeBo|Reino de Suecia|(435)/ 1932735x0
lohengrin|M|Divorced|_2__._@zAFL.6Lc5.-.Wh|Tunisie|1409-253  5917
heloise|F|Civil Partner|Hc@-.E.l.s.JbpTK|Niederlande|(365)  391 .9022
kevin|F|Widowed|I@[4.5.941.8]|Bergkarabach|1(576) 092 6972
sinforiana|M|Widowed|P_@-c5Pzfnm5s8B6v.98f-----V1d-aCPz.Cb2fX-.5Y-Oy-.tM|Island|425. 0635814EXT9
machiliwale|F|Separated|f.3p.c.1_E1R8u@5.p5K-Iw.Ke-.6h-Sc.DIv|Bulgarie|6715786012x.4
tihamer|Female|Surviving Civil Partner|"SZ.yv_"@-w71.kWuW.-J.n-.zxz|Реюньон|9196330665x. 23
merritte|M|Single|7X@E.6B2su.--343D.VG|克罗地亚|149448 /2592 
wilbroad|Male|Civil Partner|_.I@7k1--6fg-.v9.-5jo.-S.EMjUQg|Vatikanstadt|129-289 / 0497
araripe|M|Married|"g._.z6___sv3"@6.CaHzX.J6SC8.Ne|Saint Lucia|(975).1197010
baldomino|F|Divorced|Zf636__v@Z--3g--.7.--Q-t.p0.zUIKeg|Jamaica|(595)/9924799
nobutsugu|Male|Widowed|"C__.l.__"@-8oyGy--.isH|Saudi-Arabien|+1/(804) 6347636
zakaria|F|Separated|9.z.J@--9P-fbwB9e-Pk.y8.0eQh.0M4.Lj|Cookinseln|006  270-1246 
sterry|Male|Civil Partner|"n._._V_sn1.wnm"@3j.0.00---v-.jh|Pakistan|044781.2548 x 4
vibia|F|Civil Partner|BF___8ua@M-.F--.42f949mp4-U6I-SQ.-jbM.QB|Bielorrusia|079- 9350824
asmeret|Female|Widowed|tU.R5_.T.__Cnp@5h-g47r3pd12.1.oZ.-o-.heu|Demokratische Republik Kongo|(130) 0342792
lugard|Female|Single|"k"@-6---.U9--.-tlRrC6-U3.--R.IexIXg|Japon|1-575-786 . 4935
yankı|F|Divorced|LSVQ.i@z.t3.----.kK|Marokko|1-801249-9641
ijah|F|Single|7@[889.095.6.03]|Fiyi|(938)608/4212 x8
muhsan|M|Divorced|__p@n--5-b-t03T-z.----R4qCD7d.-7f5E2N.-5-C9c2.NxWfuz|Cayman Islands|+1(234)/ 5381876
lidiana|Female|Single|_dYQ@8Z.2.0-8--2sH7kTaD8S-.Wav|Färöer|063 /3222367eXT4
tomos|M|Surviving Civil Partner|"__6"@-9-E.HYi6U74uu73bLR3j.E-1Q.2yL-2F4--.qS|Trinidad y Tobago|(455)033. 7608X2
kailasanatha|Male|Civil Partner|G@[4.9.21.5]|Dominique|0382099734
guayarmina|Male|Divorced|"P_Td5E.n7WTy350.q"@4.6.1-xnuOS-6j.uO|Serbie|(890)-594  7272
adelaido|Female|Separated|0.4j._L0@-p-42PEHh-8.-.i5.u.wCffL|坦桑尼亚|843508/ 8611x 2
lisardo|F|Widowed|"0.69aC__h"@lgjup.J-2VE-W.62SK.4a.CY|Republic of the Congo|1 .(739)/8093631
peterl|F|Divorced|8.9_@[3.421.56.9]|Irlande|(275)0256852
enfield|Female|Widowed|j.tE4XCB._p@[9.1.14.2]|Vanuatu|090/570 / 7540 
urtzi|Female|Separated|K.7Hp.T__9__9i@Q-4AU6Q1.B8Nf.mZ|Папуа|681 201- 7949x.9
mauk|M|Single|_._@6.E2.X2-Q7S-2I23.-Y4-G1.kp|Tayikistán|+1896. 687. 6820
agreda|M|Surviving Civil Partner|w._@4-.-Crzk.9-.6-7p5FmEkV--.NwUuuK|Indonesia|811.901/ 1272X 3
christobal|M|Civil Partner|0_.u@Yd7.-Cw--gAT2VH.yFtO|臺灣|018. 717 5255
salaheddin|Female|Civil Partner|56_Q@R3-.83.-aev3.KU4tb5d.ItewS|Литва|+1 211 / 1311811
kristan|Female|Widowed|_9.Dwl6._3@[704.4.725.0]|直布罗陀|+1 .(001)2068564
đorđije|M|Divorced|"s8.E_s267"@S.Z-0-.q.os|Malte|(666)  0528307
small|Female|Married|Zq9_.O._t8@0.-7H-O15Z.7-4-5gAz.lp-qtL0A.SNX|Латвия|047.596/ 3695x.7
gaymer|Female|Single|O410Bkx5@-0.Y-.N-r.-y.miDbqA|Botsuana|1841 -855.9486
yucef|Female|Separated|"4"@A-Y1-t.N3m-4P.FC-.yQ1M.sWxH|São Tomé e Príncipe|0997203807 
yuqian|F|Separated|Es5___PA.D_.s_@[2.0.928.6]|臺灣|078 888/6335
warmoldus|Male|Civil Partner|Md_bZC@tA-k.G-BI.qe6-q.r.VE|Thailand|6520698779
geray|Female|Widowed|1@32-9li2EUI.-.8-eZJ.OG.ojo|Dominikanische Republik|048 852 9445 
diosdado|Female|Single|sz._7G4@-D.012R.78.i--.jCqbq|Сан-Марино|1-(472) 768 8313
charley|M|Surviving Civil Partner|6_@1--.7.O.E6.lSb|马达加斯加|(528)055 . 8179
simonluca|M|Separated|ps_._@L.039vTcWU--.-.I-.cZX|Остров Рождества|064 316 -9606 X7
antigoni|M|Civil Partner|H_8a@[7.3.4.8]|Monaco|1(089)664- 9737 
critic|F|Surviving Civil Partner|"4S8g"@9Q2F-ta.n1zg.E0e4FdT13P9-zUDg.S---I.OMLZj|Moldova|083 986-9216eXT3
yoro|Male|Civil Partner|"_4J"@[92.21.251.563]|Cape Verde|1679/071 . 3006 
zhongyi|Female|Married|579x@--yit7E4zQMWk--0.9-3ALO4Hm.b.6k.Xnz|India|+1-3896662217x.1
dorinda|M|Single|"gd__nP_y"@U752d-.-ep--t-d.eP|Zypern|087 247/ 2702 
salifou|M|Widowed|14@Z-a.aq|Malasia|+1239. 0908801
lydiard|Female|Civil Partner|"M.hf2.70NMVmZ"@o--.-t.-xN.9c-0.XLxVtJ|顿涅茨克人民共和国|1123-163/9751x 7
vishtasp|Male|Single|__.R.50@-.hc68.-n-e.7h.Yi|圣赫勒拿、阿森松和特里斯坦-达库尼亚|(569)-878/6431X5
béchara|M|Married|_xhrI_@yu05m2J--d56.n.5-u-UC.F.TjR|Македония|+1(308) /5176223
elorm|Male|Widowed|0W.T8_.WxJ@Co.---likA.-.f.pY|Великобритания|(719)1070374x.71
subodha|Female|Married|A_@[6.1.6.213]|Salomon|+1-(529)647-1754
surjan|M|Civil Partner|C@[566.41.19.71]|Гренада|1 .768 905 -9606
ysolina|F|Separated|0@[3.7.8.06]|Jordania|454-351.7786
tresa|Male|Surviving Civil Partner|Z21_2C.E_Vf_@----8--6ip-7A-r.1.9.XX|以色列|(695) -927/ 4465
ehivet|F|Separated|7U@oe7.c-BNL.7.0m2jK.qJU|Irán|016- 8343183x 15
nazam|F|Surviving Civil Partner|"X__"@66sRm.1.P.--0.RC|Молдавия|(181)- 599. 1487
pishey|M|Civil Partner|_Qs@3.z4.p5.-YRP-8zw7-.Zo|Abjasia|920 2493597
rudwan|F|Divorced|"W"@3z-X--.1.-3-.7-V.oU|圣基茨和尼维斯|518.721-0124
johathan|F|Married|"eL_.s"@Z6.f.-C-3.9--oJ.zw|Burundi|(885)/ 6952990
cahlin|Female|Married|_._.__@99t.4Q8E.-.Uj.pxS|Poland|1063 573- 3406 
sandi|F|Surviving Civil Partner|T9@5.i--v.k.--Mi.zXAJ|Curazao|537. 494.1262 
nesrin|Male|Civil Partner|"N_a"@--a4-chm0sDw.l.54-j-8--6Y-.933--.kw|Hungary|(390) 312  7250
kreth|Male|Divorced|_9vy@--.lk.s.M-0.vsLV|Grèce|(152)- 114/ 9708
emogene|Female|Civil Partner|ErN@F.Q5G0--q.5.--.jW|Fiji|026 - 849  0696 
perez|F|Divorced|eS_4._e_.YSk0.7E@E.C.--.-n.XKCx|Färöer-Inseln|711304. 8198x.14
dauda|Female|Surviving Civil Partner|huX@b.dl.-8.Z.Gby|Wallis y Futuna|(849)/268. 7127 
enzi|F|Surviving Civil Partner|Bj.cc.H.p.5tyXqp0V@9P2Y-8Y-9.-Nzv-1-2mqX2YpJb.-.-V.jMo|Denmark|046.260-2311
randall|Male|Civil Partner|LI._@-.B--bVU.n-TVr-KlN1.W--Q5.CQfn|Lituania|+1(315). 7632210
tsleibhe|M|Married|4hmw@--jZu4FIfoGJhFXX.G-54.Wj|United Arab Emirates|(524).365 -3996
boynuyaralı|F|Civil Partner|__F__TR.Bfoe@-.--.2.b11IPAFT0.EfhL|Mexique|1(797)  935.1610
eustachy|Male|Surviving Civil Partner|8_X_0Tz3@[5.670.548.7]|Autriche|(993)/ 6742237
zhongcheng|F|Surviving Civil Partner|"_"@tTgY9.A-UqB9U2z.-Z12Fzo.-b49d-.QYk|Slovaquie|+1210 -1074993
alanna|F|Widowed|qUc@[8.3.749.4]|Мальта|261950 /9957 
lakendra|Male|Married|5_._@Wxkf.-7.u--1--PW44-wy0-5.-9-.rmH|St. Vincent und die Grenadinen|123  7360548 x62
auki|M|Separated|g8.M@0U.b-X9-UC-01dq.-weNtP7kfrVzt--H.KO.dlDcsW|Абхазия|0943715181 eXT38
shuhong|M|Civil Partner|U@8qY-Q-gUB9jEU-0-.Z-K6zD.-.1.uiBXkq|西撒哈拉|585 546-7914exT9
kewal|Female|Single|X_uo6B@5Q55p--.-m6-.5DX-V6E.xo|Algeria|(950)405.0767X52
wenner|Female|Married|F4@-CjU1qwZ-K.qY8j.aR|Danemark|055 / 769- 3785
reverend|M|Civil Partner|R_@--T248wu.cu.8-P.--6.DX|Chypre|931 617/4506
melcior|Male|Widowed|l.WA.Z_BF.__@2k.HY.o3I.EL|Slovénie|004853 1730
ignacy|Male|Divorced|e.G@d-.T45zsLv-.b--K4f.-S.dy|Финляндия|(244)  971 /4793
tynte|Female|Widowed|7ml@[3.2.5.77]|Perú|+1-236 682-2868
andros|F|Divorced|oKCz9_Lf@94n-.u-w.9.-.ncY|Bolivie|1(562)/ 102-3308
prilidiano|Female|Separated|_.4Ah9Jr.O.t@j-.1-.4-m-1l6-4vP.w-.IEv|Rumänien|1.(166)/ 4581394
jair|M|Married|I8.Xuj@i.IV-T.-.-e-.wIwKd|Slovakia|1 061 - 6167730 
claúdio|M|Surviving Civil Partner|0_@7.J-6Xg.20-U--.D7Q5s.wN|Belize|463256 / 7012
matterral|Female|Widowed|_.6014.B2n@1s.23-.lE4.33.Zn|Kongo|1 292. 8415106x5
mevlud|M|Single|_Y@[9.1.61.5]|斯里蘭卡|361.0350267x5361
baccach|M|Widowed|"_aJe_p__.w.M"@f0R9.yZ.Klt-n-.n.cMuJn|Венесуэла|157895/ 8542
leontyavna|F|Separated|_@d-62-.0-wcx.8AT.M7j.mzc|Îles Marshall|(159)427 . 6050
caca|Female|Single|zcu._h_K@-s.-SS.-1.o-ZsN.pBhvX|Сент-Китс и Невис|(897) 008/7980X8
telles|Female|Divorced|1__6@28.--k3A.O.x3.agrGZ|Siria|(720)8662518
karey|M|Widowed|"x"@[302.53.95.265]|Ливан|153/ 688 /3495
arkad|Male|Civil Partner|_@EIe.555.9bNoqnqZye.K53NcF7m8e5-4.gcd|Philippines|(066) .935 -1722
whee|Male|Surviving Civil Partner|G@1gw-8.-0f.F7-O-7GA7gFw-Y.s-.PwD|Кука острова|1.(960)/ 9255884
vanalyne|F|Civil Partner|s0@i.a.yp8c88b1-6Hy6b.t.JgwgZt|Estland|082 701.6316X. 3
cin|M|Single|XZ_@[229.02.1.54]|Aden|013/ 520 /8555
gretha|M|Surviving Civil Partner|q9S@1b.U2--Rm8D.--0R.-yA1DB-56-an-kwn.xVA|Микронезия|182- 9190253 
method|M|Single|qce._i@ku.44-glN7.o1z-bTh6-.M-186-lq3-.Hz|South Africa|+1(483)994/5598
hug|F|Surviving Civil Partner|A@8KN.X--6.I.--Fl1.xcKFP|Mozambique|1 492098 7019
fana|F|Widowed|_sy._5Izj.X__.c7_R.3I82x@[651.6.92.53]|Israël|0264599229x.579
diandra|M|Single|_STO_f__@[020.220.7.0]|Viêt Nam|+1.(768)-1306004
jox|M|Married|N.2k.H8@ns-.U-PcI9-I3e-38--C.-.cPd7p-P-cL-6N-g.Uk|Hong Kong|1(280)0653092 X4
harewood|M|Widowed|Ck8@x---0.3-0N1Bxs-n-5.54t.-.UO|Маршалловы Острова|(095)  8701838x8
riabokrys|Female|Surviving Civil Partner|"F.r"@mkFatH7-.E--Mk4e.l.-.FkgoXa|Montenegro|(618)  174 .9153
teale|F|Separated|_6@5Q.27.g.n-IKq-6.iNfUb|Anguilla|1611-7295072
benedito|M|Separated|_@uH-E.-M-6-zq.3--sxt.9---r.Ed|Albanien|663-374  5793
shanlan|F|Divorced|p._w@-L.f.N31a8bN.iS-Y9.VQc|Volksrepublik China|+1(981) 0667906
ratheesh|Male|Civil Partner|jE_.3_z__@Y-EN.iZ|Slovénie|067/4793035EXT 2
kongzheng|Male|Surviving Civil Partner|"c_b9jn"@[2.22.8.4]|les Bahamas|377477 3044
elih|F|Divorced|_Vh@hD.bC|Niederlande|+1(735)/338 4041
lucie|Male|Civil Partner|u.QQ_@[413.75.0.625]|不丹|1(579)776 .7479
almir|Male|Divorced|0@1.3v-4N0R---.5-7DR.k.gK|Germany|(197).4686797X0
tadese|F|Married|"2"@[98.7.1.8]|Азербайджан|052181.8612x 59
harlan|M|Civil Partner|e.AIw7@-Gg5kTFt788.---.EOx7.--4xr-9.Hz|Namibia|(210) 405/4135X0
xiue|F|Divorced|h.7@-ZrK.0-o34-.5mg.e.BhlW|蒙特內哥羅|282/167 - 5567
arnold|Male|Married|_@5--7-rq-P.fx430--1j.S-f-I05SS-89IMIn.-.nDM|Albania|091  1744659ext2
jiaqi|F|Single|"We"@[266.575.52.4]|Гватемала|5778918531
sajida|F|Single|"jn.N.0_9667__.__.Z_OBe"@gQ-LEq2w-.7f93.--pe--.8.TEJ|古巴|(593)446. 2493x2
marnie|Female|Divorced|r.P_3@P0wEj-F.-Yc-r4.9Z.e8-a.JGXsQw|San Bartolomé|670203 4560
sylva|Male|Widowed|9rp@q.YC.----C-qSaxa-80q-.w-r-7zAExxV.Nt|Nueva Zelanda|+1(391) -8883526
zyon|M|Divorced|0634.4i6_.8_cZ_E3@8dPL-y.q.rH|Guinée-Bissao|+1679 5990369
barraud|Female|Married|Rcpk@[2.0.5.972]|Russland|+1/(620) 7430857
eastlake|M|Divorced|d@-qhxrt--2-G20--N.f-o--.f.WD|Саудовская Аравия|+1(316)- 3809942
razak|Female|Single|"__0.m.a._1"@Nzy4-lMhT-txUI59.X.c-g-q.-.kE|Литва|1(071)- 098 7897
francene|Male|Divorced|xx_14SGs.88@7rG.h2-cM.E.B-33K.qpZ|Belau|+1(108). 9541755
ainara|Male|Married|__V.W@Hn.Yk|Islas Vírgenes Británicas|(188)133.6571x3
donia|Male|Widowed|vqJ4_@1e.-G8r.Si|Túnez|+1 (364)/8826095
founeke|F|Single|"RfR6.Q.__"@u0.-3.4--h.K.QQP|克罗地亚|+17798652470Ext8
sham|F|Single|"a3_ExNE"@---1P-.-R.nQ|Saint-Kitts-et-Nevis|+1(890)-8069631
huser|Female|Single|k_.zf_3S_47@7-7-f.4-BI5v.8-wOwW.-.NmwxUF|Fiyi|1(197) / 0291341
skerdian|M|Married|R._@NMW.8dlr.s-.5----6.FJ|Lesotho|080179 7157 EXT6
lindela|Male|Civil Partner|"R_"@8N-.m.F6i.6.qoWC|Tayikistán|+1(098)/ 6999177
tarsilo|Female|Widowed|2_H3_.v__37_a_.68@[41.6.28.7]|Литва|(582)/ 621 -3634
mora|M|Divorced|9v_.e@x536--93N-49Y0q-.G-1V3o-2.-A--34.9.VJKJX|Mauricio|+1(876)- 2927970
rasheeda|F|Widowed|"_ubL._YCU._T"@N--Z.YPg|Bosnien und Herzegowina|503368 -8710 
wangjun|Female|Divorced|s8v0_p_r.h1._x.n._T_@m.e-I7yhs8-fV.3-.R-4bwe-SF.aBvF|顿涅茨克人民共和国|762.3479057
justė|M|Surviving Civil Partner|S__y.7@j-k.RGNM|Azerbaijan|260270-7486x. 9
driss|Male|Single|_m2_8_.9@S2.-5.g3e-i-.wD.qo|Guinée-Bissao|094- 4742151X 5
geir|M|Married|69_4_D28.k07V.3E_9_.Z@-peh.-9---Z.-ez3.E2.Cc|賴索托|613. 173/6937
montero|F|Separated|0bB_7J70.8oXS.8.8.p_@[23.539.535.9]|Savage|(244)-904.6524
alcina|M|Civil Partner|K_@[5.6.667.322]|Eslovaquia|766  8998696 
irmgart|Male|Divorced|"_iG01_N_.TX18m.nd"@T-.FA-.C2-y-h.UG.gc|Slowenien|+1/603890.1983
gültekin|Female|Separated|__7_5@[466.0.003.5]|S. Africa|703410  6765x. 9
nashira|M|Civil Partner|wv7__0_1.c@-.Z.Wg|Arménie|634 - 761/5308X7
erdi|Male|Divorced|C.W.R__A3u.A@4.1-Ki-0JnuelQmLQ.3V.Fkx.Vpio|西班牙|055-629  7153X.1
fingalf|Male|Surviving Civil Partner|oKubp@x-q.--l7dF---t0U-SV7.6-YH9X-6dsza1.PDuHI.qfbS|秘魯|(236).788 -4299 
mpisekhaya|Male|Surviving Civil Partner|t6D1J.TQe__Dqq@9SrHZ8N-G.9-1--jD.-.9.Zj|Ukraine |001.6425206Ext4
chamaida|F|Separated|"jp0nG"@aN.Uw4-Ufy7E0-.I.3zk-f40.IswK|Afghānistān|436804 . 7602
claudine|Female|Surviving Civil Partner|__z@WS.51E5--5P3LvL4USb.Ww|Израиль|011510/2082EXT56
rosini|Female|Surviving Civil Partner|"1_pobN_"@p.5-h-g-IwsS.pq|Lesotho|1.(904) 546 2866
dídac|F|Divorced|"0__KEE.uah_t"@---v.-bT-.5.-aNgu-w4p4.Eh|San Bartolomé|089.627 0556
rajagopalan|Female|Surviving Civil Partner|_O5@u-1.t.P61u.---TZT-H79W27LMY.dl|Turkey|0962887929X641
ivis|Female|Married|M@ay.Y096.y-NAjAvi2I.mZ|海地|1 (860)0968620
bjørnar|M|Divorced|__@sMX6.q.E.C.YK|Singapore|638 / 049 / 9183
leonte|M|Divorced|_@[2.60.63.865]|Egypt|358980 2142 eXT3
aluspah|M|Married|"A.65P"@Ku.bw--x-5.8T-4F.7s-BMlF041Z-y8.er|Israël|+1(796) /0494826
antonella|Male|Single|f@N.iiO|Tchéquie|130 942/ 5940 X3
earleen|F|Surviving Civil Partner|"p_"@YTv6i3-.W99M-tz1.-zR-.9nnx.PfTd|Namibia|(549)- 4075492
bharatsinhji|Female|Civil Partner|__i._x.n.T6_.g9y_1_08@--MD-06-dGh-I2.--.7xBN.-jz.IPGkpm|Centrafrique|521- 638/1468
jarret|Male|Civil Partner|u_rtI@NFZw--X1-.Y8PhVV-7-0-7.wut|Congo, República del|+1 (643) 9214986
carolin|M|Single|q_.4__Uy20s._._.3YE_EBZT@[8.2.392.62]|利比亞|485/ 859  1003X1
bahadur|F|Surviving Civil Partner|"GY8i.2.4._MK7Y"@ccq.-988z9gU7C----0-.HW0p-mIQQ.C0.Ai|Ирландия|+1.444778 6211X3
criptana|F|Widowed|7q.Z_5.iMhtVa_s@-f9.rs.JF2Ob-M727.iX.slB|Palestine|+1/471  9290843
yile|Male|Single|"5mU.430.E3aIW"@-7x0yJ8--81S.-.-5-t9I3P--q.-Igj-e-eb.sPc|Brunéi|655 5952345x56
driss|Male|Widowed|_@7.8x1-2.kZ1.-9EA3-u-7Y.Id|圣卢西亚|+1155 7394177
guojun|M|Single|"bj"@6.r.V0j-0-.-DK2mN.lDU|泰國|+1(035)723 1537 
chandrashekhar|Male|Surviving Civil Partner|"0X_5"@H83QCjhm-VR.xg|Antigua y Barbuda|011 .7496568
xiue|F|Surviving Civil Partner|M.98.Ob_r@7.-2u5.0v1d.----1.DH|Saint Christopher and Nevis|0517183604ExT29
nohaila|F|Divorced|_.E._vj_kT@[8.3.90.61]|Japon|039313- 0517
chenchen|Male|Widowed|5nkVy@[788.9.9.13]|Neuseeland|124/4833858X12
hasli|Male|Widowed|"1._"@[05.11.1.1]|Rwanda|098824-7748x3
abundia|F|Divorced|E.8___@-.0.20GW-354G45c.tp|Kirghizistan|+1(214)  6678407
vada|F|Surviving Civil Partner|"Z.1"@W.--.-4E-.Jy|Irak|(370) 380  7253 
diedra|Female|Married|_@K367--W--Uew-.3wd.---vZ4u.AJ86.vMiU|Мали|+1335 205 7933
mkm|Female|Separated|__.__0_@d-7-q-1.81-Sqo.u.qe-M-.xH|Moldavia|042/ 096 . 0488
remigia|M|Separated|el0@El5.3f.270MU--.4V0-.Jh|Zimbabwe|(815) /609- 1975
judkins|Male|Surviving Civil Partner|5_98x_W6.io@n6-.Mt.mW|安地卡及巴布達|(715) / 102.1670
acelia|Male|Surviving Civil Partner|"Oq1a.16ZuP_.L7n.v95_o_c"@[622.84.04.8]|Suriname|985. 4986884eXt6
ismaeil|F|Separated|J_4_b._T@[0.1.3.0]|Äquatorialguinea|1.399 /417/2456
rudramurti|M|Single|_w@I5j.R.e.2-W0t-f.BvFKR|Dinamarca|780/ 6084370ext5
jaskaran|Female|Married|R0@y.-s.a27Gi.--7IM2d9.OQm|Болгария|(605).5049550
chella|Male|Married|1.J.SIh0s_.6V_w@F-3R.-Ae--n-.9NCwf5-854Y.r.uQAzG|Сан-Томе и Принсипи|+1(308) -0029475
gayley|F|Separated|5__h._f_9P3_@[8.2.73.23]|Libanon|(041)/ 0853127X9
jeananne|Female|Surviving Civil Partner|"D6OQUh13.j"@y.H.87.k8.vet|ЛНР|1/988  763 4416
eliard|F|Married|P.__D._2T_99.e_@w--.8.H3.EcUn-6hF59zD.qnvD|St. Lucia|3486422734X 876
bogumil|Male|Single|"r._I._Ndf3.R.siFWM9"@Y.4-3-YqF-.0.S.elF|基里巴斯|817- 0052161
reşat|F|Separated|__@5q.--6H99-29Hu.Hm|Мьянма|(150)  171/ 2645
snell|M|Single|m42@--t--Q.8.DB.735-jq7IdB4x.IH|Пуэрто-Рико|(753) 561 -3276
vivtor|Female|Separated|3Ik.28_.TQy@6O.f-D18NV4r.f2.0S5e8RO9R61r8.WHI|Чили|035865  3624X 40
josue|Female|Civil Partner|iy07.r.8@xf.-7Z-Z82wM8.8.95w.XZwHGP|Перу|963  1834512eXT8
akira|Female|Separated|r94Mt5._kP7.P.Vw_V@[2.6.349.651]|Cambodia|348/ 387- 0511
manale|F|Surviving Civil Partner|6@ZZ-.7.seu-----0t.o.iPKNVT|EAU|019597 2226
hussain|F|Widowed|_4l.nUxg.v68w.B@i.-k-dd.oY-0QU.2s2-deR.TcR|伊拉克|+1 (641)/2099505
ismelda|Female|Married|D3fj.yg6_@0x-.JE|Tanzania|334-414/4107
armandas|Male|Divorced|"46"@[88.1.8.0]|Moldavie|+1880  023 3530 
djalil|Male|Separated|_CAV4@[03.89.356.4]|Côte d'Ivoire|+1(890)4064668X9
zoita|F|Widowed|_ESm09@M-B--Z8.eZ1--RwAF.u-21.oW.dhl|ДНР|(167) 761 9874x0
ayiecho|Female|Civil Partner|_.rIF._0C@--.--W2--xu-e13m-j.0.-y--s875oA6.dMJFrG|Slowakei|208.8379524
ulla|F|Separated|rc@4-tNi-8zm-.6-pw8.9e33T.-GO.HI|Israël|073  424  9203x7
contessa|Female|Separated|ke6@[5.64.0.4]|模里西斯|092198  1975
sélim|Male|Separated|5H.T1.AK@q--a-k.-ED--8i.-Wi.m.YptTuF|Сен-Пьер и Микелон|018 328.1118Ext5
pera|M|Surviving Civil Partner|__p41D.3@uka1.2lIK6c.-.NBI2.CQf|Mauretanien|074 0344075
kassoum|Female|Single|8_.4G@OUqi-72-6-ynDleL.o6.JvC|Croatia|(123) /598 5417
javere|Female|Civil Partner|"SE_QB"@-5.K.m9s-55Ja---2P-w.49-.Ym|Vírgenes de los Estados Unidos|083/ 511-0572x 6
torrens|F|Single|__4a.7v_v_5_0._LeN.mV5uQ_@[548.38.1.7]|Nagorno Karabaj|+1-864- 4615209
elexis|M|Separated|_@-.lp1-R-.xA|Allemagne|125-6518585 
sabih|F|Married|_4Fs@-.Dx.og|纳米比亚|2803943472
huizen|Female|Married|G@kQ6d8sGK7.fkVa5.-k.-.tW|Швеция|182. 596- 2658
josepa|M|Married|"_Kg3Uf.Vc2"@1.J--sq1i.Y--2US.9m-hf3.uoiv|Uzbekistan|1 .116.7194180X5
abdur|Male|Separated|A.__@-3-Y--yoARC-.vi|Guinée-Bissao|029.511.7615ExT3
time|Male|Divorced|"0.o.752O.9_V__H"@P41-6.-N.-1--6nuO-.7-t-p1.gGIPrJ|Sudán del Sur|1401/ 4629794 x1
akberali|Male|Single|Z@b--yO-M-.-.-klbPPh.2Muoq99B--n-.EsI|Suazilandia|018  347 . 7928
tammi|Male|Married|B.g3.UG@y.Ktp|Curacao|+1(548)/ 1335893
xiaozhen|M|Married|"_Im3sQ_Q"@[6.7.581.92]|巴勒斯坦|(571)  350  2390
nagyatad|M|Surviving Civil Partner|1@5.65A9.--dO32.l.Db|Finlandia|+1.343612 / 9399
lyuben|Male|Separated|z2.L___M.joe__@[771.73.85.6]|挪威|083  6675548X15
hazlitt|Female|Married|_@-cZO1FV602-REpH.TC.DO|Dominican Republic|1 8947186771x3
haja|Male|Separated|u@U97.HAvF.ddh|Cayman Islands|+1(273)- 0339165
yavor|Female|Divorced|"H"@DN9i1wu.9v3.-f0iZ.0175-.mJyEJR|Аруба|088-1891158
ibrahym|Female|Divorced|724@[1.6.9.7]|Palästina|1.(916)- 9636261
gerri|Male|Divorced|"_"@a.C--n.Lr|圭亚那|141/ 613/ 0072
nacole|M|Surviving Civil Partner|"l_._.cA.mZ4_3"@0q.q--3-pD.oC-Z.uT|Venezuela|+1 /(590)4604150
ninez|M|Surviving Civil Partner|3_I_32._XQil5@u1.-.3.I-.LvMWZh|United Kingdom|+1614629  6633x9
ponduri|Male|Married|3_G.w._74_.i_A@F2-KE-n-F.-5p78G8.9--6ORH.A.rZF|Bangladesh|1(104)/ 5506211
nail|M|Widowed|W4_@D-E-41N.6.8tueQ0.9.HZu|Argentina|724/ 6128175exT5
aryan|Male|Single|P_@[6.541.6.5]|Brunéi Darussalam|063.018- 1608x 8
brittney|M|Widowed|_._j3__S.Wx_@0c.irM|Afrique du Sud|(836)/066 - 5664
cesia|M|Divorced|cyO.__ICvy5.Jz.K@6NG4Jm--g5dZO-2u.cJ.oAC|Tadjikistan|+1/830.9813818
ledy|Male|Separated|5.m_@t.-XCh.y.0s-Iy.em|Багамские Острова|056  3337168X 3
dayanna|Female|Surviving Civil Partner|3____@w.--nt.----.xE|利比亞|693 .329/9307x 4
gün|Female|Surviving Civil Partner|o.yk7@-Ih---.--4-ZPxcj.jF6.5-kPB2N-.vXk|牙买加|905 0811869
janto|Male|Married|"j.7"@8bmv-.010O-.N.r.nR|Indonesien|(981)552 4456
jiawen|Female|Married|A7z.RcHn_s@--oL9ayP4-.zt-w3y.3Bd-i1.-vY10eKL.rh|Исландия|+1226 /6869489
protasio|M|Married|_P@-.2N.J.-u.hX|南非|+1-213  136 9516
aine|Female|Divorced|3v_@-9-.-6R.-.-X9i4.Fc|Polonia|154.735 7713 
barbel|F|Single|_wg5_O8.6v._6o@-u.YW-1OVO91H.42e8r-Q5-04mOY-g.98.Cr|Панама|651.429.4134x6
arumugham|Female|Civil Partner|H@qxnt3-i.5.at.F--y-s.fRIw|Saint Helena, Ascension, and Tristan da Cunha|(290)  996  8377
croswell|Female|Separated|__@[1.52.6.57]|Negara Brunei Darussalam|(153).956 . 5861
deandrea|Male|Married|_@[5.6.307.9]|French Guiana|(938)  184 /2497
durr|M|Civil Partner|"_.__Y.u_o1j.6__K__Y_"@-12bc2u-.-b-.93p3HTu-4Mbf-qx9.-ra7b9M8McZh2Z-0.YC|Афганистан|(343)  4911414x5
linnart|Male|Separated|"7y_z.Le.P.22I.j_H_"@I0-.----.4.ve.tHdL|Тувалу|031-499.9126 
iravati|M|Single|2@K7M-.0--3SPW-2LbN.iI8.-O.vp|Kroatien|1(233)/ 418 2452
codou|M|Separated|s.6s_.j__.X_i@2.16-t4-.z-I.AY|Дания|1/(250). 5035129
saraiva|Male|Civil Partner|XL@D.-a0DoX.9.6w0K-.Fs|Nigeria|547- 9417676
tecwyn|M|Widowed|Nf._7@71-1-oI--.1-S--w2-.-7-3ZwMn-iP2G.v-z9F-.lZ|克罗地亚|275335. 3615exT0
kozma|F|Surviving Civil Partner|lWw@0-.-l.E15d7-4A19W-.--4R-Pn-.pgapHu|Somalie|960/ 297/ 5742
tamim|F|Separated|c@oI2S.e6.5Pb3B.WD---Ow2ns--.HMsk|薩爾瓦多|1366255-7598ext8
mayes|Female|Single|W.W8.35@[371.03.1.975]|乌干达|1.(590) -8012812
lekim|Female|Single|"1.6._jx_____"@i.--0.13B-p.1v--E--e-O.EMt|Словения|954-759-1118eXt3
teten|M|Civil Partner|S_cnjneW@35-461u7r-l.-KmdJ1--B.-8n-2.kA|Vereinigtes Königreich|(756)0288734X.8
excelsina|Male|Separated|5@XrTw3MyUk.a3I-.-47r9J-.o-.pjYj|Bosnie-et-Herzégovine|(027)/091. 6365
vokkaliga|Female|Surviving Civil Partner|7L1__7.9Jh.m_7j.D9@9U77D.h-.VG|Islas Vírgenes Británicas|056.481 / 1426X6
ateba|Female|Married|qj_Te4.___14xjf@[521.4.361.3]|Man, Isla de|298.1049126x1
milouda|Female|Divorced|"y_T"@f-lY.IlI|基里巴斯|100- 714 1336
nardus|Female|Civil Partner|"rW_"@[5.789.6.2]|Испания|016240- 8403EXt8
tofig|Female|Single|2_1.074x@[0.6.24.57]|Sainte-Lucie|576  832.7846x.2
faye|Female|Married|yM_@F.t-1.---6F3.s.lJP|爱尔兰|276  678/2836X 6
sada|F|Divorced|_@x-T-.g.-0.1-.NClr|Santo Tomé y Príncipe|(941)706 1511
kanhangad|F|Married|_K.I1C@T.TU.d.h.FQZ|India|118.513.0237
bryanna|Male|Civil Partner|"4_._D_8P8HO"@D2Cz8.1F.-I.7W-O-.HP|Irlanda|013 204-7748eXt2
shayesteh|F|Surviving Civil Partner|_@V.pN|卡塔尔|539827. 4744EXT4
albertovich|Male|Civil Partner|_wu@p0UNy.Dv|Pitcairn|(639)/ 098  8422
anyi|Female|Surviving Civil Partner|w4._47.I_e@[6.7.129.0]|立陶宛|355-2087178x. 51
pusa|F|Civil Partner|qG__V2_.oOJ_qMq.k__V_@8.-0kH-V7b5V-03-Ra.Cy8o.8Hr.Xdr|Азад Кашмир|140. 548  5008
hristijan|M|Divorced|M1y@[192.447.9.0]|沙烏地阿拉伯|+1931  238 4481
carlina|F|Divorced|A84.8Fd.eE@h.6Rd13-.dO|Neuseeland|1.(691) 831.2250
harouna|Female|Civil Partner|6e46YoH_@[927.4.1.7]|Республика Конго|(513)3169003x88
rak|Female|Married|dj@-497D-3.P.o-8-.-.lAiZ|Мартиника|143  808- 1557
kabbour|Male|Single|"__5_.2"@-7-.97LwFd-HcMis.qB--.-.iYq|Palestine|040 . 6139887X.8
kimberly|Female|Surviving Civil Partner|m.cZ.PU.5@P-.HW3.sev-.---68.UJraOg|São Tomé e Príncipe|020. 716- 0996x1
nistula|Female|Civil Partner|xa9.m5Y.Mw@dLJ.W.---.JW.OGR|孟加拉国|092923 .6282
aglae|Male|Separated|vL_4V.6@L.C9--RH-8.d-c-zT-Tz-.y-S.MG|Turkménie|4071164968EXT.34
maricela|F|Surviving Civil Partner|5_a_l8Ye@-Fy.x-R5.c0cP-.j-02gB.zEbif|Jordania|393.1631439X 924
crestano|Male|Divorced|f.1I@-tP.-sUytt97Jm.Gsr0t-C---Te6.-B2w5J5-.BYM|Afghanistan|1/(319)048  0442
shere|F|Surviving Civil Partner|l14dQ@-46394WFk-n1-d-9.X-.XB.--b.QW|Aserbaidschan|179- 101/4111 
stephen|M|Single|DD_@[554.0.273.736]|Kongo|844698. 2474eXt5
sully|F|Surviving Civil Partner|c@W-kg485d.EO|Ливия|1(144)193 9111 
kimmel|F|Separated|KE.7x@n2j-.n.h.--s4.YMlR|Lebanon|407618  7821
shasta|M|Surviving Civil Partner|"M.W0.X.Y_F7Ej4s._2d1"@-YIp-Thq9nL.bO|Dominica|602- 804 - 5582 
binetou|M|Married|dJZh_J@Ui9-K.w.70bxb-.p.auqBm|Тувалу|(966)/ 043 .7183
anop|Female|Civil Partner|_J02__F.3@LLWs71-.9b1f.186.Lh.TNCw|Армения|(091) 837  5702
midhilesh|M|Surviving Civil Partner|P85_@v-7-lEPkv.pLU-.j6-M5ki-U.U80.Cs|Qatar|1.638348.6601
fredi|M|Surviving Civil Partner|"_"@[7.5.89.36]|New Zealand|663940 . 2254
lyla|Female|Widowed|7aF__P.E_2.O_@en-2-.zeL|开曼群岛|1(199)  5554555
maryluz|Male|Widowed|"_"@1.--kpIzfgO.5e-xfZ-Ai.-YSrk-.Pbji|les Seychelles|4874028658
luitgard|M|Single|75_1l__@93z27.e-.LY|卢旺达|(094)  130/5561
zinoviy|Male|Widowed|9A3@[1.0.7.4]|Osetia del Sur|038672. 1295
sandreani|M|Divorced|p@1.r-JJ-z-7O--.-h.nt---.Xu|Bélize|058/ 5089490x7
githu|M|Divorced|_@b-x-.ijaUlzI2S.B.l8N925.pal|Korea, North|7584837197eXT063
sommer|Female|Separated|8.1_93I.g8.Z@Iiut9t.V2LVU.6t1QQ5.-R.Ru|Pitcairn, Islas|083  716/5645
othniel|M|Civil Partner|_._.T._@Eo-RLp.H--31o.Y.-M8t.BCu|马达加斯加|(096)/3797826 x3
fakhrul|Female|Civil Partner|"_"@Ez9T.-.bC|新西蘭|(723)/ 9845330X6
leeds|Female|Surviving Civil Partner|9@W.el|阿曼|638  752.9077
yagutil|F|Married|t_I_42@8.CX|Bergkarabach|1/216 470 1028
yasyn|M|Single|D.j@zZ9.-B.G4.-kV19-.SnWl|聖多美和普林西比|(692)/0736771
marvinia|M|Civil Partner|X_._X@-.-XR-.XJ.s--TU-xUAf.jnDDeq|Палау|183- 393.7606
dillet|M|Widowed|T@24-w-I3.w2W--y9Zi04S9.B9q-d66.-26bB4-.VGHYZy|Сахарская Арабская Демократическая Республика|775 . 294- 0060
hyman|M|Surviving Civil Partner|9bvk.eR_@--.3.U.L-.QQk|根西|1.136- 7620933 
grimes|M|Surviving Civil Partner|_X2_.Cm.t3_@-I.-.xD1r.uB|Weißrussland|255-4749610 
remigio|Male|Widowed|"_"@D-15MzK1.m--Jed.x.B.FnSXHS|New Caledonia|972/1085428x.890
ganzi|Female|Civil Partner|_B4nes4c.920Kg_.__lF_2.2.x@sB15.33-.7x-oR43.x.Oyh|Rumania|938 . 2732882X1
nouha|Male|Married|_@[76.9.79.9]|Siria|231/708/ 3968
ladji|M|Divorced|r@a.-7QHZP6---E.B-.OE-Q-5-t3OA3QB-A.jp|Syria|(090).966 / 9281
henriett|M|Civil Partner|P_c2y_6b@s.k-Hb--BE-7-.qu.7i-.tQud|Corée du Nord|+1042. 492  3992
edi|M|Separated|3f_7fA.C_._@[0.76.69.6]|Уругвай|010 7150695
henky|F|Married|2.a4X.g___G_QV@k7v2-oj.Q.-i.9SH.vGyL|Armenien|+1 -(856)5256689
justinas|M|Surviving Civil Partner|6e_c.5@-.Q-.ujcMy8.--5.Bv|El Salvador|+1-(021)9658661 
labhrás|F|Single|3.26.8135Y_.0_@J1.Ry.M.5Xji.ME|Сан-Томе и Принсипи|1 -694 147 9251 
barbus|Female|Surviving Civil Partner|_.B.D_3._77vS4L_.U@N.DiD85EC-.-V.-G8--04-.gSmi|庫克群島|8170433871
nyai|F|Civil Partner|"u8_p_6_2.u_.DADM"@-m.-.sO|Guadeloupe|1(280) .819 3754
aichata|Male|Divorced|3.e_k3bSwW._M_.h3@1-.8D.5.3l.Avu|Grönland|1 036/ 0603960
taro|F|Separated|D@[259.9.0.8]|Chypre|(834)/0495710x.9
iarainn|Female|Single|UZt6ci5@--6.DX|São Tomé-et-Principe|074684. 9526ext0
simoneta|Male|Surviving Civil Partner|7@[390.88.77.855]|Хорватия|020 - 059 .1416
aghajan|Male|Divorced|8V.X.N49_p5Q7@A-3-16--yWKm-.v-.Ks.---AZM3-aw.lso|Науру|+1.298 039 1588 
bhikkhu|F|Divorced|3R9_.Cx@pZxk-4-qdX.4-8w7A-kWUiz5Rr-.5E3nFD.-.Hi|Saudi-Arabien|+1.722-253  6421
wim|Female|Married|_33m@Mx3--.Q-8.FA|柬埔寨|+1-(505)1768483
neptun|Female|Separated|Hh_@rR-Fk1a6--cKl--6.d61-z3.v.p-x.yxGc|Bielorrusia|+1(282) /6904527
holyoake|Female|Widowed|"p_.b"@-l05U8i.5.8v.o--WHo-.qQ|伊朗|+1(362)670 .8541
putro|Female|Surviving Civil Partner|_.t@-t-.GGU|Филиппины|1(865)/ 178 9124
luéyi|F|Widowed|49CA@[39.599.7.2]|États-Unis d'Amérique|009247  7394
takatoshi|Female|Civil Partner|Jf_3OC@-.-8q.1409.d.HORWdq|Saudi-Arabien|1-907  988 1223
erol|Female|Separated|F7837O23.Y.vEfxQ9_n.5Au.wA_I1_7_@c.--7-.---23.-.mJfD|Азербайджан|704-500- 5651
delwyn|F|Married|9tR3_@[941.75.959.8]|Bolivie|(455) 130. 7465 
early|F|Surviving Civil Partner|n.N.RUF._K.___@QOD6.---My.v.VqzJ|Mauretanien|(722) /6452756
scofield|Male|Single|_2@-.--l--8-q.-.o-1F-uB7a--.WPCpIj|Бахрейн|0160518550X.719
dorina|Female|Married|9.E@--8p.I5-r--5D2Z-MB---.BW.y7P1.Mmfj|尼泊尔|995 .4422944
elbek|F|Widowed|j.V7l_.wp_u@-M5-.--j.H-.-dz.Yd|新加坡|892-633- 3464x.6
freek|M|Divorced|5@WQg-31t9wBPKjp45.M2M1xk4P.fE--x-X--.Kc|Ирак|(245)  211/6821
ashwani|F|Married|x8_.w.6ZZ.Qq1@n0-zN.t.F.-4p.qCgmwS|Jordan|(448)677 /4106
jhoselyn|Female|Single|_90B1IP_.__@Ysqo1.Z22-28pi.d-27932.E-l-8771--3mnHQP.ieZEP|图瓦卢|(319)/312  5634
stephen|Male|Divorced|"Xv_Z_"@-i8d--.5-g6A0wY-.Z6-r.6Xug76--LE.ZYvfxD|Malediven|1(942)5594242x.1
kaloyan|Female|Divorced|K@B.i0CX3O-0gdWlrvF-.L.-.cVSwfp|Vietnam|615. 038 .4207 
rizzieri|M|Civil Partner|"9._n_W"@[5.838.59.6]|Russian Federation|+1.549 848.6971
vappu|F|Single|"d_7"@B-9J8vbx.0W1-.iC.6.TdWnJ|Mónaco|+1827 3643043 
aliona|F|Married|"1"@u-.rRe|圣皮埃尔和密克隆|+1439/542  6627
adur|Female|Separated|R@07Nnu9.--d-y-06-Z.8-XxN--lT-f53.-.HO|Катар|(320).229/3785 
haji|F|Surviving Civil Partner|_1V_.zG2.4@--i.j46.5--t.4.LZKp|Bolivien|(883)370 -3230
ostasio|Female|Married|6AzSG_.oTr_E@21.0-p--j--4i4--7-d.-j-p.V0.TC|巴西|1 (033) 4397603
bounphak|Female|Divorced|q.l20z3.53_._o34_lx.K@3M.t.q--.uB|Jamaika|(819)/7967356
benedicte|M|Married|"1.U"@0a6-uT4P.IW|羅馬尼亞|009.029 8009 x.0
minseok|Female|Surviving Civil Partner|2@720-s-cG9.8-458RkG--YG.d.3W-1U-p-.rSP|泰國|2604771755Ext 92
ihsan|M|Separated|d6I@-VVF-3xe.s.d-V.f-yd--F-Dcn3.yXOhRn|图瓦卢|763/ 0828358exT4
jox|Female|Separated|w__Y2a9_@8Qz.Qd47h-9dO.AOh9Q.--.AwfOhb|Saint-Christophe-et-Niévès|(417)-003 - 2578
ilduara|M|Civil Partner|"_a6__XH_"@hoJu205rue.2g0-.Fy|Turkménie|+1387/ 4626090x2
danelle|M|Separated|_.7.S1@umL44-.-I-.rK|USA|+1(436)387.0140 
emilè|Female|Widowed|76_7ZSw@-u-.6p-J.m.8-.PdGRx|Salvador|228.615-2883X 10
aton|F|Divorced|"F_5Y.Y._Oji_.2_Q_"@4t.DGRS|Camerún|175 540 4238Ext0
kuanysh|Male|Divorced|_@-.gpl-.-y--ssNrD6-.8s4VN.VnXiUb|Dschibuti|+1(308)  0030127
jianyong|F|Civil Partner|"Q_"@MZ.w-5Y-.--X3A6C-D.WN|Islande|1 (124)1880472X0
rossend|Male|Civil Partner|_B__@[552.5.7.580]|Nigéria|309-1013801
nichel|Male|Separated|"A"@-dg.f.L.T.TlLTRy|Sint Maarten|886  521 - 3584 
tiberiu|Female|Widowed|h@4-T-i.31-6-Dd.1S-E1-0.-5-1cx.yZxxgw|關島|(583)726/5965
guru|Male|Widowed|xp.193E@[19.8.465.23]|辛巴威|+1 /(069)6357603
mandiaye|M|Divorced|u4__X7T_@v3--.YS|薩爾瓦多|(865)-784 -2706
saadi|F|Separated|l5V.1@C.-.7-zM.--xg--26.IpN|Comoras|1 (830)628  3203
lupicinio|F|Civil Partner|J.gv.z_OdyWR3@8SO7.-.6-d2-tPUr8.M9p.aYT|Bénin|045  1797172ExT1
apea|Female|Separated|"i.m9_w1_F"@N-.cwzMv7-8V1--B5m.6mf-.hK9SJ-9.Un|荷屬聖馬丁|(348)2344670EXt7
hokishe|Female|Widowed|r2h.9__@84.8oi-x-0N.-0FK1Y-8.ym|São Tomé et Príncipe|(008)/ 837- 2443
holanda|Female|Separated|"_f"@-.b.cHFF|毛里塔尼亚|+1.449487 2994 
chomicha|F|Divorced|"_27Aojg"@[69.46.9.028]|圣基茨和尼维斯|+1(778)- 8348555
poghos|M|Divorced|3@38fDB-A.Tz-.3B0.V.Rx|Biélorussie|042/ 980 . 4563
hegde|Male|Surviving Civil Partner|t__.Wg.9___9m__.J.3_33_0gG@-2Bc7DTu-x26ZH-z.--CYUF.-tP8Y.0-4-JDw8c.RQhrT|N. Korea|(546)/ 0474158 
joseline|F|Surviving Civil Partner|88X@x1z4.K5--s3-1.gR|Suiza|419/9505883
zhongyun|Male|Divorced|"_._G__v2_1._4W_.p_A"@ZJ5.G-Pzy-FS-fI5.QG|Монако|078  744/ 3455
leonardowna|F|Civil Partner|B._fs@[8.909.631.5]|West Bank|(349)9705176ext0
pyotr|Male|Single|__sz._M@[2.7.3.3]|格瑞那達|105  073. 2888X2
nazma|F|Widowed|_X@[8.2.964.031]|葡萄牙|1 948. 599.2007
serey|F|Single|G@9Z1A.6-6D-t.l9X.-.atOb|Chipre|(777)/ 611. 8771
moner|Female|Surviving Civil Partner|Zhmr@-3dAn.----f.-07-6K.----M.qA|辛巴威|1 278/3034549 x2
atsushi|F|Divorced|_.l@Gfu.-.Lo.r-3.btN|英屬維爾京群島|1.809 .930- 9512
yahiya|Male|Divorced|_k._5_.q@[5.85.535.2]|Corée|021/ 041- 8507x8
jamyang|F|Separated|3_@[04.8.1.20]|Suiza|+1(440)/ 2527074
khadijetou|Female|Divorced|aw@-T-.6--e-e.-.--.woQE|Gaza Strip|+1(192)  6288264
acho|M|Surviving Civil Partner|CW.___@SdE.wJlo|巴勒斯坦|134-2431564x.799
hailey|Male|Separated|_d.0x_c@bCIk.8.xl|Äquatorialguinea|049-810 4643 x.7
sverdrup|Male|Divorced|z@[2.60.914.13]|Rwanda|+1(854) 124 8880
gelan|F|Civil Partner|4gOXfw_@r.f0.81I0-23.m.mRn|Эстония|(783) 829  9593
hüsni|F|Widowed|"7_4"@[3.7.00.00]|斯瓦尔巴|(554).881.2307x6
escolastica|Female|Married|7.CN.r@X2-u.2ATTe8-e-6.Eq|卢森堡|590895/4921
tryambak|Male|Surviving Civil Partner|VaJ99t@B39M4bc5g.Ii|Сербия|478086/ 6636
marietou|Male|Married|Q26__@-F-iN0.6k.--93Q.-l-.mNFf|Iran|015. 6720770
hrach|M|Civil Partner|6s@0-N5X9.0.-Bq.16r2.ki|基里巴斯|(270)/ 609 .7234
tajaddin|Male|Civil Partner|"I"@G.8lE7B.-6wa-c0.ng|Мартиника|1(823)166. 6561 
awtonom|F|Separated|__@o-1--amFh11-b.s-5b-3I--df.ZY|Palestina|074  825  9905 
coulston|Female|Married|"5_.K0MHau"@kjL.w-by81b-0-3M-j.8336.n.QfftQV|Вануату|+1(439). 9896238
demi|Male|Surviving Civil Partner|2.o_Gl__@5-OB8-K-42I----s.Kt|Etiopía|1(751). 343 0317
olatunji|M|Separated|a.8@[327.6.615.6]|英國|664 997- 8570X 0
kalil|F|Separated|k@-.21.-.i-L.bz|South Africa|031/ 4519217x 76
octávio|F|Surviving Civil Partner|d@P.-H.WMw6.-K0.oxZr|Cyprus|+1 936  807 6587
jendrek|Female|Married|w444._K1@40.g--.j1.4X.fHtTl|沙烏地阿拉伯|018  375. 5319
frenk|Female|Civil Partner|__4@[1.16.4.3]|澳大利亚|+1 983/ 810 7901
caverhill|M|Single|"Bg"@[302.488.2.257]|Afganistán|984.439  9793
doaa|Female|Divorced|"__nZ"@T.8-t2.u-.3Kli.tG|Андорра|+1(587).256/2034
yukihiro|M|Married|1@G.wp-.-IIk-785R-.F--LuIU3.nJ|澳大利亚|191-203/8627x98
jerôme|Female|Separated|8_9Z.E0_1@[3.02.9.3]|Islandia|1 434.2191158
salam|Female|Married|"Wy"@BOG.Uy|Qatar|1.501/8167749X21
kilyan|Female|Single|___Ll4Xx.F_d@[1.16.36.751]|Israel|446/ 570  3933
rozella|Female|Married|cGI2P.EI__c3R.W.3.5Rg5__@[87.6.664.194]|Kanada|+1 (341).2317324
sparapani|Male|Surviving Civil Partner|"_Wh_V9_3"@7t.9.C7.o34.SAhIid|Bosnien und Herzegowina|+1 787/ 751 2008
marshall|Male|Civil Partner|_.j2h.w_@[4.98.038.4]|Cabo Verde|(732)410  6946
sadurni|Female|Separated|52V@[5.950.11.9]|馬爾地夫|(967)5347781
filpe|Male|Widowed|12l9.ieT@pM.I.pU|Mauricio|+10801124943 x 2
virginidad|F|Civil Partner|570T@--of-GGv-t57-C1P.-iiqL-.Bfsn|São Tomé-et-Principe|(094)3808712X11
guangliao|Female|Divorced|"or"@-.-.3-.-x-H3hm-.wk|Kroatien|(216)  822/ 0870
paša|F|Civil Partner|_._@[56.31.76.51]|科索沃|530526 /0797
mogere|Female|Married|nL0_.3N._@--H-o3-0Mtuy9fJT.HoD|Токелау|882/ 034-7391
fahey|M|Widowed|9N5L1.__.12.oY_.0ezAT8AM@-v.r.-dIG8z63.-B.My|Griechenland|110 501/ 6531
sephora|M|Separated|o_4@--Y-n2-t-0-.5A-hu-sq56cU.-dBzL.C1G0.cmE|Maldivas|130 .8538427X. 4
kōka|F|Surviving Civil Partner|_@--bgUVs4j31j.--.6N-----s-dW.J.DIPpob|Islas Pitcairn|(326)945  8039x5
israa|F|Widowed|O@8-.uU|Sudán del Sur|(078) 699 / 1102
tiju|Male|Married|47.2@nT9-p9-.7-l5Wg49.-2i5Ddw-y-.L.gzE|Ngwane|1/(027)/ 1109239
dietmar|Female|Single|C8@9-5e-w.s.9--M.0.ko|Cayman Islands|2853028213
tidiane|F|Surviving Civil Partner|"G_"@g1-A.82a.k.Ny62.bhUA|羅馬尼亞|+1 (027)/8018625
sosefo|Female|Divorced|XJ013F_._@t441YGij.T--84-.48.C-6n.AYZ|Guam|1(117)- 663/1196
szonja|M|Civil Partner|"_.d_K2R"@-.V-I2Cs-2KcC-g-FD.mvv|Зимбабве|+1.(229)973/0938
madelene|F|Separated|"_._59.U._5_.Hm8"@[4.689.8.4]|義大利|192. 090- 2621
jamshed|F|Single|uB_aB@[13.8.6.762]|Saint-Marin|1/296172 . 2853
veerabhadram|M|Divorced|I@q-6-i-I-7--3---w.46qm-.uL9.7L5I.EZXfXB|马里|+1 (404) 7869698
besnik|M|Separated|u@1.pnl0k-R2-K-.-4k.R--4-t-.scAwFH|Ukraine |+1 (055) 0634566
friedlinde|Female|Divorced|zj7_7k__@A030-.0F---s.-g8X.U-nmyn-w.Pkf|烏克蘭|016  071.7332
skafte|F|Separated|_tP@6Hwt8tCKWoBO.-5.Y-.4.zOnh|Spanien|042989/ 7312X758
ehivet|Female|Civil Partner|t.C_._._@[7.2.6.9]|Reino Unido|(864)629 5808X 2
guosong|Female|Divorced|"LK3m"@3-YXA.P851.--S.-2LI.eFRN|Майотта|(583)852 9179
tift|F|Single|_07Bv.u.Ji@O--.d7.H1-S--5Bv.WpN.bOiBwp|东帝汶|+1804 053 -3358 
sudan|Female|Married|1._._A.0_81@[9.3.8.9]|Sainte-Lucie|116/ 478/ 0386
koray|Female|Surviving Civil Partner|3H@X7E7II-ug7FcwM-u.Bg0.e-Ov-P0-5cu.B.imf|Comoras|(955) 894 -7688
wensheng|F|Single|_@2-.-j.5a------CnGX-u.4-.dU|Niue|858 -8345211x.46
uliti|Male|Civil Partner|CY._6@DfZmPU.M.S3605-3D--h2n--f.6-e9.YyNO|圣赫勒拿、阿森松和特里斯坦-达库尼亚|169 /8578780X4
virtuosa|F|Married|s@---9-A-rs-5.8s.X5-.B.SzloJ|Туркмения|+1515 983  4562 
bedichek|Female|Married|"L95.378U0"@tN-WLNpW-.AQ|Burkina Faso|766.230  1546
mandi|Female|Separated|_CHs.0@0.V.x.-ML-y-.djH|不丹|378/410  7128
venkatesh|Female|Civil Partner|s._rv6._.6@M.2.xr3.5x.zyFI|Багамские Острова|408 .786 - 4136
chagas|M|Separated|_7eU9@k1.Ri|Ватикан|(073).8399923 
tasnim|M|Single|3e4@Od-b2-P.336.9H5-.-q.YV|Thaïlande|+1(715)8093929X4
houssame|F|Widowed|8@1Z1--0p8-J8--.sSD.i8.I.mwKDGu|Armenien|+1 -(470)5376187
zhiguang|M|Single|V__5@[5.003.07.8]|Viet Nam|+1 (796).7155863
ryad|Male|Civil Partner|"_9"@MtwZxV-.F.hj-SOdh6.JP0fS.RTWG|Вануату|1(549)- 942 1429
gurbanguly|M|Single|J.sAhSD5__@tn5ea-k.-H.-7Wiv4bM98n-E240.r-.tZZw|Australien|+1 187622 8946 
lynsi|M|Separated|9N4X7Eg_.c@[15.7.324.5]|摩納哥|018 /9214683
kōjin|F|Separated|8__o__@5b.J--3.Q9EKYEj4--.3.YWPeMn|Kolumbien|1(481)- 959 5340
hindrup|F|Widowed|4@Z-K-T56.M.q---P.797U.zlBG|Северный Кипр|018  5407419 x 7
antida|F|Widowed|I5__2._3_@-.k7Ey.y4UgF6ip.6zp-4dMAn.Md|摩爾多瓦|+1 4618401148x.9
benigna|F|Surviving Civil Partner|"a_U__"@HNwC-r---0.-.xc|Pérou|1(965)/ 343 1588
nayma|Female|Civil Partner|v@[94.2.840.6]|爱尔兰|+1186 516-7372
condungua|Male|Surviving Civil Partner|"_E._LF.RRIQ_k"@kSM.24.-Y-l.x-W.fHjTWl|Palestine|1(716) - 3416502
megat|F|Separated|k@5-.m66-j.B.k.pK|Indonesia|+1/(112)/5845085
stasys|M|Married|"_1"@bBYg.-.AO|Libya|+1(870) .7060806
hee|Male|Divorced|"C4.m__GA.s0B"@Z5yP--Ud.Fk-1.3.-.bw|Папуа|+1798245 .5392
nicolasfrancois|Female|Widowed|"5"@VwVT-5-X0Q.--F7.-Z.l49-M.tYOsJK|Виргинские Острова|926 . 561 6506
mamie|F|Widowed|"7"@-j3--S.72-Z004e-cuYm6.-6x--0.u5rO-C.FreSaW|尼加拉瓜|375 6711038Ext.7
timoleón|F|Separated|h@wa.2-Y-w.pf|Comoras|067289.9630
marcelli|M|Single|3050@W-2-E-8PX-.E--t9F4T2-Y-B803.-ZzT.2X-S-47.RoM|Letonia|(918) -1089005
yaroslava|M|Widowed|A_5_.ombK@[54.4.6.982]|États-Unis d'Amérique|044/ 121/6388
zamba|F|Single|1_SL5_.e@[783.6.793.272]|Tokelau|065611/5109EXt02
wolstan|Female|Surviving Civil Partner|o9_5_B.___.QW@C.-8X8.-.-g7-4QP8-.Miw|Îles Marshall|+1 612 / 7511028
muchunu|M|Surviving Civil Partner|1fI_FXU1.E_r_@1-5.-v-.Kc-0DPm.--70.kXf|Монголия|+1(284) 914.1662
antonio|F|Widowed|_S.7Utt2@0.-1x-45-66.UD-1.0.wsgU|Vereinigtes Königreich|409  887 - 8977 
andreina|M|Civil Partner|"_"@a08v-jf7-C.r.PE|牙买加|926/ 6280306Ext7
aurelija|F|Married|s6G7_9yi@-.-T-Bz.49h2Zn.Z.SNKrl|Belarus|(110)- 491  4380
lak|Male|Single|"6q"@t-1Wa.d0-K9---V-Q39-u.fW.A.GwIOl|Cyprus|1537- 371  2111
abdelkadir|F|Married|"iAl"@53CI-iU.6R09-O.O-mORWH6ak.--468-P--9-.XJoIZw|Barbade |076 -366 - 3891
yedra|Male|Single|_.e3@-dJ.1j-.0-.bs|Лаос|557. 2314999
yonelvis|Female|Single|9._.h_.9xTQ2q.edf__Ih_@Ed.u6.6--6-l.Sw|Puerto Rico|(608)715. 3844 
nemoede|Female|Single|"b._uv_.mw_"@b--Z-A-y.-G6.-9L0C40-g-70.w21Y.wBIO|Congo, República Democrática del|(831)958/5572x.3
dharma|F|Widowed|DaA@bl-T5.vw7.--0H5g4iO.uX|Wallis y Futuna|+1867 504-5903X8
severino|F|Single|58__@-XRV.-y-q-.6.-.iBerrL|Греция|+1093220.4033
nabil|Female|Widowed|R@40Ui-XQ.qI|Ecuador|(769). 1518939x3
delfim|M|Surviving Civil Partner|"z.5j6.I_"@Sg8.--X--.La8-DCbz-q-9Tg-c.5pR.Oka|Lettland|6570467866X 2
chongtao|F|Single|T@8MFUf--I-zO.-.pp|Francia|1 -153 187  7802
kimberley|Female|Married|dI.H3Pc.4D7BH_@--.Q.-.-L4-mk-.Ngvt|Feroe, Islas|+1(781)8702247 
pengpeng|M|Divorced|"93_A"@[71.785.73.8]|la Barbade|+1380  2254669X4
meiryan|F|Separated|3@k-U-E-3Sw-.-m.awX--6zBcu8.J.LoqZQ|Grecia|1.675.4914978 x6
ton|Male|Separated|p1.zkI.l_._4nv@w--1j-19-Rl-7-.-.W-6Cn.a.Wqa|Новая Зеландия|+1 959. 654 5114
loreen|M|Civil Partner|Ud@-Q.iL-f3eA1bHuA5.e-1M---.3-.MOVBbB|百慕大|1 /(272).5305255
gerino|Male|Surviving Civil Partner|AMeL@[7.4.9.134]|Polonia|+1.916-384  0889
ahmida|M|Widowed|g7.u74@e0eK--HiU-.a84.-J.BL|Куба|1.774 927 3121
tamer|Male|Single|0@ll--KFvb--UD.Zo0928.J1-l.9-.kcXGsw|中非|916053. 3640X425
narla|Female|Separated|eSi_@[51.6.3.643]|Haití|(119). 254. 7864
cathleen|M|Separated|kU09N@-5.6.6oa.42k7.Edv|安道尔|0919276936x96904
shelmire|Female|Divorced|5w2._u5t@-HH8n-1-0d-F-8-0.-x15no-.H2Yo5f2.8I31r-p0.BYSS|Сахарская Арабская Демократическая Республика|(197) -626  4715
kwang|Female|Single|9.mnvc._@[26.3.620.7]|Танзания|1(872)809/ 3106
blandine|F|Widowed|"4M8q"@a.-A-E.3q-N.-nU9M.Zg|Vatikanstadt|+1 (500) 5362842
elder|M|Divorced|A_._2X@FtzZZv.9riu8F1-625Zht3c.s.d-fg-H08DVo-.SZnJIS|Albania|1 (397) -1830021
bowditch|F|Single|d@[3.562.547.284]|Catar|051. 2654737X 2
cartha|M|Single|N499A___._@[972.8.3.0]|Бахрейн|(144) 804/9457x5
fiordaliza|Female|Surviving Civil Partner|_@[2.074.40.57]|Малайзия|1.(235)591 .5159
shaig|Female|Single|A.MHV._@[40.1.4.192]|东帝汶|(916)858-6453x.0
handré|Male|Married|i0.9.CO863_0_@-d.0a.M.G.nFZ|Siria|071 /129/8532
theodoris|F|Divorced|_@9.ZZQN|Nioué|(304) 7280392 X7
haiat|F|Widowed|NdyPpr@-z-.5-c-p--Oz-l-.--Cpk93-At-7.-.Mpmr|Marianas del Norte|(178)1258186ExT5
irone|M|Civil Partner|xx_4f.q_U.3ltlM7k8@mJAUc.-.4.v-.lGITrw|Ирак|(304)  667 7818
ermilo|M|Separated|"7E__3_"@jv-ccL6-2-.G-.20.J.tCs|Микронезия|(849)859. 6228
salahdin|Male|Single|6_7.3@vz4niFJC-18-P.QU.-.qP|布隆迪|004182/ 8541
asin|Male|Married|Jx.Y_c@[326.5.97.2]|Niue|+1(003)457.8767
domba|F|Civil Partner|0xf8._.4_QHi@kWIR46Q-.-JQ-84.0NKlaO02W95-dk--.RwY|Isla de Man|1.(477)7010533
demelza|M|Civil Partner|"6"@[8.5.05.30]|保加利亚|+1(150)041. 5452
huston|M|Separated|mTa_9h_9@[4.19.330.8]|Luxembourg|408009/ 3023eXT3
roibeard|Female|Civil Partner|"aGx5.P3.Al0"@GB--U.B.--gvQ3kNs---.QNB8.UKDFNb|Аруба|(795)- 606-2089
etelvino|Female|Surviving Civil Partner|"8__"@[63.5.1.03]|Канада|9118825799ext.7
alannah|Male|Surviving Civil Partner|"r2_ED.P.xGcg"@4jyf-.-o5-Ni.a.y4.WNRnE|España|898137  3648exT5
evy|F|Divorced|ja__L._z15.__nW9ae@[3.206.4.4]|托克勞|324214.0412 
eilene|F|Single|3E7oD@x425X203-829.-X8n6.8G-.-.WK|Países Bajos|(717)002.6659X 0
galeazzi|Female|Divorced|_5xl0__K.43Z3z_._@[5.5.01.0]|Kiribati|1/(199)3927848
gulu|Female|Single|E.31_36za_.V@9bLd7C2.LW.--z.qCV|Usbekistan|1.030/210.3506x3
neva|F|Widowed|T.w.P.F@5.T.O-.70.pMx|Rumänien|5160911983
akkitham|Female|Separated|uB.4Za_i_@n.--3.l7.5.mht|摩納哥|1 .(801)7315778
mohamadou|F|Civil Partner|"6_1_M._41Q.oo_yr5B"@Z-.---.1z--p-.-f.Lm|Nigéria|+1.(152) 0088183
donaciano|F|Widowed|"__gxm_5"@F.1X.9w.h-U3-7qr-.bJPJI|Haití|094 755 - 7991x4
aischa|F|Married|v_7_@[338.1.79.7]|Transnistria|237 7521553X484
jaoudat|Female|Married|"mp_3.d3P"@sM8.On|Bosnia y Herzegovina|964-063.0203x 09
dryden|Male|Surviving Civil Partner|6o5CzB7._@5N.P05t-iR0-3Br.I4Z-3bb.h-V.mIBW|Islas Vírgenes Británicas|080-6788558
tomika|Female|Separated|"uN3"@66--.D--3v1v--.8qEFF--y7-.--BAP.HLzUzE|Malediven|1 234-132 8678
pretty|F|Married|Kl4._@S.39--6-.X.a.lGmj|Черногория|1 -948678 2684 
pichler|F|Civil Partner|Hmsp__.6.9@-1m.R2ZZ8z.c.Ly|Suazilandia|249  441  4577
abdelouahd|Female|Single|o@OI-U.st|Германия|046 121/1740 X 8
mariamu|Female|Separated|Z7_4.7.C8d__q@Sx4o-u9-.Tp-u3Z-0-P--yU.-F-.-.gj|Азербайджан|261 - 719/ 5449 
ermerinda|M|Separated|YDf@0aI-L92.-.lK|Saint-Vincent et les Grenadines|1996 1299954X881
tatico|Male|Surviving Civil Partner|U____U@C5oH.-Sp.mE|Siria|+1.297268 5968 
dierry|Male|Married|E@cH-.e.v.B.Ia|马绍尔群岛|+1 393869  2511
tahis|M|Civil Partner|_Q.M_._@[8.5.35.6]|南蘇丹|+1 (046)3706786
minnie|Male|Divorced|_.E3K.o32_.73.b@[9.5.8.91]|Papouasie-Nouvelle-Guinée|(744)- 1775335
irton|M|Single|c@DQu.7LR.0C.9.dRBF|Japon|(272)  549/1465
raghabananda|Female|Single|7_W9@QE4--.m.--A67SF.x1--l.Svi|Sainte-Lucie|+1-911  999 3436
chenlong|F|Single|9_@3.4-3.xM|Tonga|093 243- 2168X 7
noema|Male|Widowed|z@k1.8.H-68.zs|Greece|(655) 684 / 0803
nandha|Female|Surviving Civil Partner|___@Yn.-78mF0L-0--8-j-e.p.7-Y7.ZWrX|南非|696  652 8025
waheed|F|Surviving Civil Partner|"__.Lp.f.w"@--.-P.qj|Jordan|1 674/ 957/3006
samina|Female|Separated|"_.SQ_v8"@9-E0M-.-L.01szLmZ5.--.AU|la Barbade|(544) 7616512
midori|M|Divorced|"E"@[5.22.1.8]|Алжир|866/ 820/7416
athmane|M|Surviving Civil Partner|g0@[264.8.475.38]|阿曼|+1/363 / 1820872
suifen|Female|Single|v_rQ@5--.-.L.ig|圣基茨和尼维斯|887- 549-9293 
wilbur|F|Civil Partner|00__nD@[96.8.1.5]|Wallis y Futuna|1 .527/9146674x3
finlay|Male|Separated|zrU5.G_.S9.Ma09@ZMJ.I.7Z-r-YaJk.r7Y-M-CQ7G.bEEL|Pologne|003194/ 2859exT6
ingward|Male|Surviving Civil Partner|d@D.P6.L4-.-.XSnT|Chile|1 104 745/ 7007
andreanne|Male|Widowed|O1_.6Y.7.1.A_Q8_9SK@90.7i07-.-kUy64-jw.T2RWc.Kr|Maroc|031781/1620 
yanko|Male|Separated|XnE@PJaj.im|Киргизия|633  2458592
jaecki|F|Divorced|6d_44aPp@8nl0-yuMy.6V-.W.82C8.azWY|Turks and Caicos Islands|+1 -2606157499
elizah|F|Single|"V_.Z0__h"@gZ-FcF6aq.-H-.S.I--.EC|Tansania|(614)779 1968 
jane|Female|Separated|"_6u6_9aH._"@74vZf.A-2j-.T---h-vkqsyCbni-.t-.Dwqvc|北馬里亞納群島|+1(474) 924.0950
arcadio|F|Civil Partner|T_5@[1.049.5.5]|Dominique|573  222/7065
taracena|Female|Widowed|k_._2.w@[8.90.778.941]|Norfolk|113  2433704eXT4
abelin|F|Civil Partner|2DB_k1_.z2_._6@-onc--BGb.U.X.aF1v.UFx|Сирия|(452)  746/ 2512
ainna|Male|Civil Partner|SF0@[102.01.099.9]|Хорватия|(968).282 1743 
aines|M|Divorced|M.j.H_@oe-6-n59v9dT.R.uX|Gibraltar|(998)- 315 -5043
mamane|F|Civil Partner|_e.Qn@4L3e.9-Pkt-3.So|Russie|1 1016129825X. 5
cataldo|M|Single|_a.wE.m.18.__@W---XwZYC.7.tH784.Y.RW|Ирак|(927)746- 0461
seneh|F|Married|2@x.MW|保加利亚|+1(757)/3230449
guadalupe|Male|Civil Partner|w_@LC-Q15.-L14.Uj.-2-E.tp|Belize|+1(651)077. 7447
nicasio|F|Single|y.M@dxk-.F.z--L.V-.psyy|Etiopía|+1.(154)-8118359
kazumichi|Female|Divorced|s@i-1.-.kZb-3u-t.---y--.imxUmt|Gambia, The|1 .331/335. 8932
toqeer|M|Single|5@-GM.83Ex7g-FuC7az7v-.-.p-BR.hnnd|Pérou|(732) 1045439X 1
floarea|F|Divorced|g2_.7_.luc_Wx_@XTN-3-xXAHHQ.U5l.B.X--.MO|孟加拉国|(120)-227. 7207
lowes|Female|Civil Partner|_.i@H--.-7-.Np5.M1ZOD-.ZIdG|Мальта|022411. 9511X 96
jhanda|M|Widowed|7B_7.4.Z@7-33g.0V5C.b.uZ0.cKCOyN|Тонга|006233/9098x. 4
hammad|Female|Divorced|xs_w3_90@v-Y-4Zs4sq-8r--.R.Xe-4H.1.Ezm|Indien|027  871 / 4180 
nordeide|F|Surviving Civil Partner|h.9kd30AEt@Ep-T0XH-D-D--m.1449-6s.Y.rw9-6.hrp|波斯尼亚和黑塞哥维那|291664 -9775 
shinyemba|Female|Separated|_.3@-44j--S-78-p3H-.---R-30-UI6M-.IV|Barbados|(727)693 0636X 8
ademar|F|Widowed|Qp78ufE@JXN.P-e.-FP-hh5LX7XK.Y.zEFG|Irán|311  8750739EXT8
evencia|F|Divorced|_@Ac.P0-.3.p-cb.KSRjO|Kiribati|+1.(078)8817262
justiniano|F|Widowed|C@[4.762.70.1]|Îles Fidji|146. 0954766eXT8
omvati|M|Single|_KHu_NW6@h.8V.80.B1k-s26.qXWWez|立陶宛|+1-926 - 9365411
hidaya|F|Surviving Civil Partner|4@o356sBa0X-4K3.w--b-HKxH.B.-48.CVuez|亞美尼亞|(771)  3062287
attilio|M|Single|T.l3mk@--.5K-v65H4--5mWDT-.r5.-zr.GPJHI|Gambia, The|1-(796)  5440546
heðin|M|Surviving Civil Partner|EMLS_0D@-8AK.4T.h.-Q.rntt|斐济|+1 (853)120/9532
mykayla|F|Widowed|J.3@r.-QcfB.-2e4.iX-VdC-HERXt-x.UV|Transnistria|(632) -307.9008
lyazid|M|Divorced|g_.7.V@[0.630.2.9]|肯尼亚|1 -474717. 2818
leora|F|Separated|"99l"@9-Cr-7Py.K-7wNMQ3--666-oF.6q.M756.mqMzUW|Guadeloupe|055. 488.0766
siosateki|Male|Widowed|4.3__@6--Zw8NP.8rSjz--Jq4.-Y--9.1-Nn3L.wCYlIV|新喀里多尼亞|+1.(967) 6443897
divya|F|Surviving Civil Partner|"73219k"@Vs-.yU5-ito67U3q.4.82.Br|Jordanien|+1 .(500)8245765
agrippa|Male|Civil Partner|_hxAD.2@AB-q0i.6z-DIL-7-6.C.xf5A--.aRMiVA|Guinea-Bisáu|+1-538 221/ 0884
tapping|F|Separated|"L7.LTJU78B_.87K._.5S_C"@aK3Jp.-wBNc-.nW9rm84.-zJX5.kOMD|以色列|(324)704 -7227
basiru|M|Separated|_P@p.N0.Qm|Панама|(001) - 9160249
chaib|Female|Surviving Civil Partner|"r5vS.r_.__1_C"@nn--oH0-x1-UfM.-e7.x.-2Gci.HeNRhi|Антигуа и Барбуда|+14429073406
aadnesen|M|Single|__1@[02.6.83.07]|Azerbaiyán|839250- 3595x.57
sunitha|Female|Civil Partner|_w@i-0D7.e.6w-9.-p.Vx|Jordanie|738711 2359
kenneth|F|Single|Ji.LjG_C24_.X3F_4@-Kk6YK1q.-MY.5.--.WB|Yemen|773 0192943ExT20
jewsei|Female|Surviving Civil Partner|"y0"@[68.8.72.1]|San Marino|008.073.3239X4
jerai|M|Civil Partner|a.3.7Wn.5Tyx_xW.tS@m0--kXd9c4.Xz7-Bp-X.xm.R.wVHDlI|Marianas del Norte|470 5316831x2
elissa|M|Divorced|"3E"@-tI.ST|Azerbaïdjan|(638)- 761/0187 
toshiki|F|Separated|56.P8.n__.2n.8@tBogQ658.bK|Haití|(985)351/9044
haifeng|M|Single|2.__9ZB7._.ScI_@675s.6-99.v.9s.ekH|Malí|+1 -(796)7418416
danek|Female|Surviving Civil Partner|h53._S_@0.--.DmWG.t5.bSpbx|圣赫勒拿、阿森松和特里斯坦-达库尼亚|452 .7250740 X.2
oiane|Male|Single|_w.8_.BBotdY.ld._O@L16.07.p-3.Ae|Palestina|+1 143778 /1808
francis|M|Separated|2_a._f_.R7u3Bhxk._@--r91t.2-6-4u.3-l.-YzW.XkA|緬甸|+1/(169).9171795
goua|F|Divorced|iYYVR1p._o2oua8.p8.X@t-.T.g---7.5B.eQrLq|Benin|429 -435- 0759 
janeway|M|Widowed|96_x_b@z4tf--liM-r7.14V02-mw6.-w-5b.Y.SbPbDh|San Bartolomé|(315)/ 834 5907 
sawai|Female|Surviving Civil Partner|E_5@Fa.1.7aNQ0tF.cP|Tansania|048 -5927212Ext5
makenzi|F|Civil Partner|_V.9sZ.D8@pE-18D5p9-J.-v.2f.IV.PSV|Jamaïque|882.380-2273Ext7
guanyi|Male|Divorced|ZxV0_PE_@[1.03.4.836]|Bulgaria|(841)3877489 
navi|Male|Married|8j@36-47.6Q3PCy-xQZL.9a8.jP.KUQp|Ethiopia|(298)851 /9873X6
dauxing|Male|Single|_.xQ@B-.-Y4.1H.-K-5.Kz|The Gambia|891 .049 -8966
tarsila|Female|Separated|_@y-46.r4.BiG|Bahamas, The|+1(508)- 0698182
radovan|Female|Separated|hPCk@MTI-As4l1.2.K.zku|Ливия|054041 -9177
shirak|Female|Separated|"E.3mU"@l.9.-M.bb|Republik China|1/(360)  0667813
dianne|F|Divorced|"6Y.t._._._"@[1.685.4.885]|Гренландия|4662619604
yoshizumi|Female|Married|8l59_l@-3.T-cE.0.5--t-6-Z.vZm|拉脫維亞|477393.8905 X.6
baptistin|Male|Widowed|93.D@86.xr.-mJxRW--Pw-j.RD|Фолклендские острова|704242- 3335eXT5
hongjun|Female|Divorced|_@m50-5-q3R.89.52-.y.cFlF|Фареры|001594 - 5821X 3
calderón|M|Civil Partner|"6t96FS_"@7q7-.s.9-v.N0B-.tyt|伊朗|(382)075 -3235x1
lea|Male|Married|b.7W@C87.3y3cJ.27-.O.EJhrDv|Vatican|012 . 9224066 x6
nasira|Female|Single|__Rv@qix.j-.0P58W-.2.Vu|斯瓦尔巴|+1 (634).7010810
yu|M|Separated|_@98g.07Q8.07z2N-5D.-U--hQ8Wm.BZ|Colombia|014642. 0662eXt2
kiat|Female|Married|v@z-.5.Y6yJc7-K119-h-5.C3.yl|Équateur|(442).022 5988X1
kalvakuntla|F|Divorced|"3j_3Q___"@-Ltq-wpW5.V9.-W.P.bLy|Italia|(996)9750378exT8
abdelmajid|M|Widowed|I_cC7@6-2.7I58-.M-d7TZ---R5.C8.DaB|Îles du Cap-Vert|(315)679 4788
bairbre|M|Widowed|m.e__9B@-.K.7.-48-31J.oq|Vatikanstadt|+1 (566) 9269762
hesham|Female|Widowed|"3_p_yj.C_._3_._f_Ir6D_"@5.-7.WPW|阿尔及利亚|318- 017 /4002x8
aparicio|Female|Separated|34@tWOM-f-.mEm8.f-Sl9B.p-79-r-0-S0-rO-.FInryb|Costa de Marfil|002 . 1609239 
caushaud|Male|Separated|_Swd.J@[461.6.33.3]|Congo, Republic of the|843 414  1650
runqiu|M|Civil Partner|1lt.L.6L@[4.27.4.7]|Ghana|+1557 4146678
sonnenbert|Female|Surviving Civil Partner|6@3-b.5C.9.t-.onq|Philippines|1 (124) /2406100
andrewes|F|Separated|B_7__SP@[283.9.62.3]|Botswana|929/409 9785
mzikayise|M|Surviving Civil Partner|hYumqSIi._@d78.L.x-r-.n8-.iQ|Пуэрто-Рико|+1 717. 553 4600
rutha|Female|Civil Partner|"_"@Q.5DX--ca8-9n--a.-14-.9.vSu|Гренада|(678)684/2583
mukat|Female|Widowed|_u@[259.085.956.2]|São Tomé e Príncipe|555  545-3602
asirowitsch|M|Married|GoZ.L___@-hI.jW5k.-L.70419-Q.Cz|Allemagne|+1 (024) 4561694
torashi|M|Separated|"7YU_.K_0__T"@[5.1.36.954]|Киргизия|1/(035).9872142 
mutz|F|Widowed|"Xj"@3.oi|Lituanie|078 - 081.2817
arana|Male|Widowed|h.AhNx__.4.UUzykAL.6dln3b__@4.-D0--FW0-DYokr.I-ebh0.ad|Irlande|+1-(783)5937087
tamoto|Male|Widowed|2_.__3j0@-h.W.-yW6-LT-4.2M9.WB|Антигуа и Барбуда|+1(122)9481111
amaral|F|Separated|U._I_9@-R.ej.0Y-S-5l0.YJ|Singapur|+1 (010)568.0765
rudi|Female|Civil Partner|gY1b.1.2@3Wv-.-3.U-y.3qBf5-u5l-JSs-cX.Ct|卢森堡|552 -6014231
fina|Female|Surviving Civil Partner|s_._b._2_d__1._.59r_5s7_@-1-lfPgZn9.R6XbdF8-.-.-.DLz|Сейшельские Острова|044. 4018426
harkaitz|Female|Single|__@HM.-LwU--N.9.Wp.vImN|薩爾瓦多|(734)131 0175
tamisha|Female|Widowed|VS18@[8.19.9.42]|Brunei Darussalam|(792). 223 /9154
aiying|F|Married|__@[6.6.850.02]|Brésil|071239. 0962x 2
gaoli|F|Single|r_2.W86__.L.8.0__6OH__@-6.U-bx.-3n4fc-e--jp.l9-T5k-1kEL5hid0.ZeliIO|Guinea-Bisáu|+1 496. 4476390 
emmanuela|F|Single|"H"@5O.3--V.OaY|古巴|586 261 3725
childers|Male|Separated|o87__@[57.171.082.896]|Érythrée|(320). 620 7761
tetsuhisa|M|Surviving Civil Partner|0fFF_rs_.RZ@n-.KKb|Albanien|532-282 7496
stepehen|Female|Separated|28brs__@H.5y.lb|Argentina|(577)- 980 0267
ingo|Male|Single|7x_@Ur-.-.-vuG1Xk5N--l--.9.TNrs|Вануату|+1-061 - 0709275
yakhya|M|Married|T_r._.0sj.u91.__F@-hXO-.-K.C.1.jAzfra|Южная Осетия|1-(363)194 4545 
zhensheng|F|Civil Partner|kK.__@v-j9XTg-.--YE.Nhea|Pérou|(006)-901. 1177
doradia|Female|Civil Partner|2n@[720.9.1.683]|Южный Судан|+1 (158)-7252650
rosmery|Female|Widowed|V.31_p6_M@L.BP|España|350  713  5396
areej|Male|Separated|J@-0--L-.n--SpH.07J.0--Q45Cz1DD.JUbUKg|Brazil|+1160- 2364444
hubertus|Male|Widowed|iX.LfEQE.jk88G_E_@-.9.cX|Lithuania|+1 /063 6552004 
abstrupus|Male|Single|x.0@T---ep-81F-3t.M2.7--.-J.tAB|苏里南|(826)402 5254x72
muhsan|M|Surviving Civil Partner|S@Dup--I--W5.--02.-0.YQ.rPHB|Tailandia|+1 -(204)4982559
keverling|F|Single|1._@[7.544.44.369]|Бразилия|(035)0661927X 65
pritam|Female|Surviving Civil Partner|ch4Z5@-Uk.Lj-.y.2jUG7.Xh|Liberia|(414)467/ 9348x0
dalmacia|Female|Separated|f.K.3f.9.0_I__w6_@w.--.-s-sf9K-.01.RUFr|Аландские острова|946/947. 9626
rev|Male|Separated|_3_@-.q5-5.0---0KvUoY-9-3r-.80.Lw|Swaziland|066 .2818918
teno|F|Divorced|_n.ez0._a@p7.---oNf-D2.9.A--j9A.QT|Танзания|233  441/ 0389 
sibyll|Male|Single|O@UTs.x27.-.M.BHS|Équateur|085/ 941 . 5594
setrak|F|Single|n._B.B_@y9-HO.--NDk1.we|São Tomé e Príncipe|024 /751  1610
dushyant|Male|Single|"5"@uM.iv|Jamaika|327 . 8905164
manizha|F|Single|g_@7r.W6.y-52.1-JI.Qy|Bahrain|(757)637  3459
hongxia|Female|Married|SweQ.0L_h_W@[46.5.3.5]|Гватемала|(004)363- 6615
nobushige|Female|Single|1_@L.xc---N.W-9.U-s.APWTrc|Südossetien|1-(240)/ 0493620
lys|Female|Separated|w.pG.Sw@A.ys4.-.d.vL|Antigua-et-Barbuda|114-093  9593x1
millett|F|Widowed|QTI_@KJ31-.7vxbXsF4-0.tM|叙利亚|1/(127)- 3626885
srilekha|M|Separated|"_h_"@[14.156.270.720]|澳大利亚|509- 014  5739 
eleo|Male|Single|XS@PqQ5.0.7n89----PB-d-2-b.C3.nJeDt|Túnez|1 .(088)/3383822
ouadie|Male|Separated|_@[358.7.7.6]|密克羅尼西亞聯邦|+1 (937).3835122
vagner|Male|Married|"5c2I.RHV_l"@u.-U-1.q-U4ssbIJM990PK.5.qDZbJ|Morocco|+1(236) -9097509
mazlum|Male|Surviving Civil Partner|_.v3_.93Lb_4dG@---0.---.1--.-nP-4.WC|Northern Mariana Islands|451- 3357108
angels|F|Single|M70_@8LNjopf1.630cMf-.q.4.bt|Colombia|064/ 144 / 3739
bhopali|Female|Civil Partner|"3._HRi_kPk"@b.-4Z-.-67c-D-9-00.-.lOvW|Elfenbeinküste|(548)798 9691X 0
iannis|Female|Divorced|67G.P@e6-mjsZN34Yg--9-.45v-t.-.-i71.XMp|Saint-Pierre-et-Miquelon|+1 /(736)1815174
örn|Male|Separated|"8Ov_umwh.E"@[9.80.8.920]|Anguilla|(517)/6768415
cevdet|F|Civil Partner|WMV2C.3D@q29.iNx|Эритрея|1(794)/ 327-7643
ditto|M|Single|_SI@[61.510.10.2]|法罗群岛|170 8326437exT 5
stella|M|Divorced|d3r_3U.U@[9.8.58.485]|聖多美和普林西比|068. 9851820EXT6
raycho|Female|Widowed|j3.R._@Jqe-P.ZA--41.d8-P.-.Ba|Tchéquie|(048). 227 .0606
hinson|M|Single|Vw@QA2.q.qN.3-A-2-.JBvm|Curaçao|016-1388344X6999
shahrzad|Male|Separated|3y_.19fKG._@pY.-.L9kX-D--66FmYq-l.l-hOg8MBK69.tC|São Tomé-et-Principe|0454749344 exT 0
asif|Male|Widowed|"ltf.__z.e.3Q"@[455.1.577.9]|Îles Salomon|1/482. 735/ 6704
navia|Male|Civil Partner|__sX6@R-v-7-4i-y.clUc----.D--5l.7yq5X----m-Zd.jRzRe|Paraguay|(154)081 5878
aadnesen|M|Widowed|"6s.6"@F.KY|Мавритания|863.2662737exT.3
ignatas|M|Married|x__@tYW5-JB4-H-hu--f.42--.--w.091Q6--5-2-.Ub|New Caledonia|(159)/375/4558
ledjie|F|Single|"4_4"@--v.WL|Brazil|206. 070- 9022
ely|M|Surviving Civil Partner|cM@[8.96.1.2]|Бруней|+1-(132)919 4268
hasubhai|F|Divorced|_2@-pDpA-W-U.-.MBF|Allemagne|037  859 6070x.3
mady|M|Civil Partner|bb__.U._1__@003.7mmrj.X8-jQ-.O94.at|Poland|738/969/9159
carylon|F|Single|u6@4I2-.k.2.-fUH1-7o.ZK|聖文森及格瑞那丁|147 - 873 /8686
lihu|Female|Single|f_H._.O_@IE5w.u.g.-5Cs3Z.gOEV|Paraguay|344 6853056exT 7
bartolo|M|Separated|8.Ofv@-o.U-ey97d6C3.7.--OH.fEu|Сальвадор|+1(204)  2127473
anastasija|Male|Widowed|Ex.Tr_k.1N_iTpO9@----3-.yzOf|Бразилия|277597 . 2064
jinming|F|Surviving Civil Partner|O._@[5.5.37.0]|梵蒂冈|(404) .851- 2488
millett|Female|Divorced|"59_"@u.c22.7oqy--v.2yX8d1--.ExHuo|Pākistān|1 (410)978  6802
djime|Female|Divorced|O@-.aYt|Granada|(866)199 4360
brown|F|Divorced|"_hv"@[624.65.9.760]|Swasiland|0670255404exT. 4
katamori|M|Widowed|AaR@[5.987.3.128]|Uruguay|1 044759 0951
thea|F|Civil Partner|pX.c2m@[8.7.25.111]|Isla de Man|034  262/5278 
wassima|F|Single|_96____n@----m7a.zp0.B.r.dWr|São Tomé et Príncipe|381518/8512
na|M|Divorced|y_S_7_@--.rP|Togo|0269116369
donmyer|M|Civil Partner|"8"@n-Xh8-k-.c-xfj.TE38-t.a5qz--M.Zf|Hungría|309  663 8639X.7
salsabil|Female|Single|7G7.y1@Yr--U.W-.J.-7l-60--.tO|托克勞|209 / 6300710 
ignacia|M|Widowed|6Z6i@8iN.t-.u-3Ac2--pw.V-W.ZwC|Tschechien|1/250790/ 8309 
sulpicio|Male|Married|7._.n1_.N_DLI_._ludk_78@saln-5GH.0y-.j.YrG-t-oC7bjj.Rbg|Corée du Sud|475531 .7359eXt1
wadii|Male|Widowed|4U3@28uM9-6.--422p.-50.-e-te0-.hf|衣索比亞|063689-6288ExT 1
chathir|Female|Surviving Civil Partner|N@[8.3.3.78]|Bután|503/ 419 9143X.1
ruya|F|Surviving Civil Partner|"W"@-yp.Bx|Cabo Verde|093015 -3754
shickel|Male|Civil Partner|l.4.5_95lf.e.6MB@r27-isD.bx|le Saint-Siège|1(012). 7594495 
primitivo|F|Divorced|M__EV@-2-346S.---2-t.Z-vD0a-P-i-Gau3-.yg.UR|Australie|025.881.2943Ext7
bacary|M|Separated|"140.k.BM_z"@rw.k.20Q-lo-2.o.OLu|Hongrie|1(979)540  2242
